RSK_RT_CD,RSK_GRP,GNDR_CD,RSK_RT0,RSK_RT1,RSK_RT2,RSK_RT3,RSK_RT4,RSK_RT5,RSK_RT6,RSK_RT7,RSK_RT8,RSK_RT9,RSK_RT10,RSK_RT11,RSK_RT12,RSK_RT13,RSK_RT14,RSK_RT15,RSK_RT16,RSK_RT17,RSK_RT18,RSK_RT19,RSK_RT20,RSK_RT21,RSK_RT22,RSK_RT23,RSK_RT24,RSK_RT25,RSK_RT26,RSK_RT27,RSK_RT28,RSK_RT29,RSK_RT30,RSK_RT31,RSK_RT32,RSK_RT33,RSK_RT34,RSK_RT35,RSK_RT36,RSK_RT37,RSK_RT38,RSK_RT39,RSK_RT40,RSK_RT41,RSK_RT42,RSK_RT43,RSK_RT44,RSK_RT45,RSK_RT46,RSK_RT47,RSK_RT48,RSK_RT49,RSK_RT50,RSK_RT51,RSK_RT52,RSK_RT53,RSK_RT54,RSK_RT55,RSK_RT56,RSK_RT57,RSK_RT58,RSK_RT59,RSK_RT60,RSK_RT61,RSK_RT62,RSK_RT63,RSK_RT64,RSK_RT65,RSK_RT66,RSK_RT67,RSK_RT68,RSK_RT69,RSK_RT70,RSK_RT71,RSK_RT72,RSK_RT73,RSK_RT74,RSK_RT75,RSK_RT76,RSK_RT77,RSK_RT78,RSK_RT79,RSK_RT80,RSK_RT81,RSK_RT82,RSK_RT83,RSK_RT84,RSK_RT85,RSK_RT86,RSK_RT87,RSK_RT88,RSK_RT89,RSK_RT90,RSK_RT91,RSK_RT92,RSK_RT93,RSK_RT94,RSK_RT95,RSK_RT96,RSK_RT97,RSK_RT98,RSK_RT99,RSK_RT100,RSK_RT101,RSK_RT102,RSK_RT103,RSK_RT104,RSK_RT105,RSK_RT106,RSK_RT107,RSK_RT108,RSK_RT109,RSK_RT110,RSK_RT111,RSK_RT112,RSK_RT113,RSK_RT114,RSK_RT115,RSK_RT116,RSK_RT117,RSK_RT118,RSK_RT119,RSK_RT120
R_BASE_30_LIV,DECR,1,0.0,0.0,0.0,0.0,0.0,0.0,0.0,0.0,0.0,0.0,0.0,0.0,0.0,0.0,0.0,0.0,0.0,0.0,0.0,0.0,0.0,0.0,0.0,0.0,0.0,0.0,0.0,0.0,0.0,0.0,0.030779754269408006,0.0307760621311901,0.030771885982230546,0.030767229857179505,0.03076209929074619,0.031124684234976694,0.031115901731986296,0.031106374453491167,0.03109612016513822,0.031085158963486865,0.03163660222679645,0.031620236204528536,0.031604033842483246,0.031587993504058366,0.031572113569017755,0.0324280913510844,0.0324038104375736,0.032379772333198,0.032355974609865897,0.0323324148637672,0.0336845634730586,0.033647717838328,0.0336112406599447,0.0335751282533452,0.0335393769708117,0.0356992199181949,0.035642227719013,0.035585805441822896,0.0355299473874046,0.035474647913530596,0.038936029818052595,0.038846669519872,0.0387582028246733,0.038670620796426594,0.0385839145884624,0.0441383723339587,0.0439969886106191,0.0438570187245129,0.043718448537267696,0.0435812640518952,0.052470640045050296,0.052245933644599896,0.0520234743081539,0.0518032395650724,0.051585207169421596,0.0657725943471851,0.0654148684037131,0.065060719719676,0.0647101125224793,0.0643630113972545,0.0870608122932479,0.0864902041703154,0.0859253021286121,0.08536604910732609,0.0848123886162528,0.1210876709459013,0.1201767942364422,0.1192750262940778,0.11838227603113699,0.1174984532708256,0.0,0.0,0.0,0.0,0.0,0.0,0.0,0.0,0.0,0.0,0.0,0.0,0.0,0.0,0.0,0.0,0.0,0.0,0.0,0.0,0.0,0.0,0.0,0.0,0.0,0.0,0.0,0.0,0.0,0.0,0.0
R_BASE_30_LIV,DECR,2,0.0,0.0,0.0,0.0,0.0,0.0,0.0,0.0,0.0,0.0,0.0,0.0,0.0,0.0,0.0,0.0,0.0,0.0,0.0,0.0,0.0,0.0,0.0,0.0,0.0,0.0,0.0,0.0,0.0,0.0,0.030503240644749754,0.030507050107790604,0.03050980223868743,0.030511466192901345,0.030512019441944177,0.030728660749563916,0.030724914306374355,0.03072001662225614,0.03071398539322785,0.030706845539295518,0.03102318267605894,0.03101295084929822,0.031002821340805224,0.03099279312739722,0.030982865196123244,0.03146115642831226,0.031446544864029154,0.031432079415388864,0.03141775862123496,0.03140358103502263,0.032125238844658864,0.03210398645621227,0.032082946591650126,0.03206211712573362,0.032041495954476355,0.0331327991860082,0.0331014711941481,0.0330704564822066,0.0330397519173845,0.0330093543982106,0.0346732433777379,0.0346265109439605,0.0345802458345209,0.0345344433761757,0.0344890989424139,0.0370727085982488,0.0370019815122663,0.0369319616971436,0.0368626420801723,0.0367940156593705,0.0408783510511269,0.0407695675406155,0.0406618718652094,0.0405552531465573,0.0404497006150917,0.047008460831927903,0.0468383762236086,0.0466699924613725,0.0465032925367588,0.0463382596113913,0.0570196329607652,0.0567494366311575,0.056481942264846,0.0562171228421975,0.055954951613775596,0.0733796354245615,0.0729458390703158,0.07251638067961261,0.0720912168728165,0.07167030470408839,0.0,0.0,0.0,0.0,0.0,0.0,0.0,0.0,0.0,0.0,0.0,0.0,0.0,0.0,0.0,0.0,0.0,0.0,0.0,0.0,0.0,0.0,0.0,0.0,0.0,0.0,0.0,0.0,0.0,0.0,0.0
R_BASE_30_Q1,DIS,1,0.0,0.0,0.0,0.0,0.0,0.0,0.0,0.0,0.0,0.0,0.0,0.0,0.0,0.0,0.0,0.0,0.0,0.0,0.0,0.0,0.0,0.0,0.0,0.0,0.0,0.0,0.0,0.0,0.0,0.0,6.94871153458587e-05,6.863175405981371e-05,6.780673628180986e-05,6.701121212097294e-05,6.624436769312856e-05,0.0001132362020315,0.000111915945835,0.0001106729840703,0.0001095050405636,0.000108409990158,0.0001885330486769,0.0001866477181902,0.0001847812410083,0.0001829334285982,0.0001811040943122,0.000319687145476,0.0003164902740213,0.0003133253712811,0.0003101921175682,0.0003070901963926,0.0005455334652411,0.0005400781305887,0.0005346773492828,0.0005293305757899,0.000524037270032,0.0009308289307039,0.0009215206413968,0.0009123054349829,0.000903182380633,0.0008941505568267,0.0015764601926871,0.0015606955907602,0.0015450886348526,0.0015296377485041,0.0015143413710191,0.0026328593709037,0.0026065307771946,0.0025804654694227,0.0025546608147284,0.0025291142065812,0.0043137215417843,0.0042705843263665,0.0042278784831028,0.0041855996982718,0.0041437437012891,0.0069301266821444,0.0068608254153229,0.0067922171611697,0.006724294989558,0.0066570520396624,0.0109801204554594,0.0108703192509048,0.0107616160583957,0.0106539998978118,0.0105474598988337,0.017276749739935,0.0171039822425356,0.0169329424201103,0.0167636129959092,0.0165959768659501,0.0,0.0,0.0,0.0,0.0,0.0,0.0,0.0,0.0,0.0,0.0,0.0,0.0,0.0,0.0,0.0,0.0,0.0,0.0,0.0,0.0,0.0,0.0,0.0,0.0,0.0,0.0,0.0,0.0,0.0,0.0
R_BASE_30_Q1,DIS,2,0.0,0.0,0.0,0.0,0.0,0.0,0.0,0.0,0.0,0.0,0.0,0.0,0.0,0.0,0.0,0.0,0.0,0.0,0.0,0.0,0.0,0.0,0.0,0.0,0.0,0.0,0.0,0.0,0.0,0.0,8.201468886734403e-05,8.125102480046496e-05,8.048747683367564e-05,7.972417534818728e-05,7.896124944753525e-05,0.0001390578296989,0.0001376165795521,0.0001362069826454,0.0001348283684797,0.0001334800847949,0.000230990236092,0.000228680333731,0.0002263935303937,0.0002241295950898,0.0002218882991389,0.0003750138286459,0.0003712636903595,0.0003675510534559,0.0003638755429213,0.0003602367874921,0.0005897810052032,0.0005838831951512,0.0005780443631997,0.0005722639195677,0.000566541280372,0.0008985569516318,0.0008895713821155,0.0008806756682943,0.0008718689116114,0.0008631502224953,0.0013289161520486,0.0013156269905281,0.0013024707206228,0.0012894460134166,0.0012765515532824,0.001918651143229,0.0018994646317967,0.0018804699854787,0.001861665285624,0.0018430486327677,0.0027197470969463,0.0026925496259768,0.0026656241297171,0.0026389678884199,0.0026125782095357,0.0038071765797071,0.00376910481391,0.0037314137657709,0.0036940996281132,0.0036571586318321,0.0052933523782589,0.0052404188544763,0.0051880146659316,0.0051361345192722,0.0050847731740795,0.0073422910463929,0.0072688681359289,0.0071961794545696,0.0071242176600239,0.0070529754834237,0.0,0.0,0.0,0.0,0.0,0.0,0.0,0.0,0.0,0.0,0.0,0.0,0.0,0.0,0.0,0.0,0.0,0.0,0.0,0.0,0.0,0.0,0.0,0.0,0.0,0.0,0.0,0.0,0.0,0.0,0.0
R_BASE_30_Q2,DIS,1,0.0,0.0,0.0,0.0,0.0,0.0,0.0,0.0,0.0,0.0,0.0,0.0,0.0,0.0,0.0,0.0,0.0,0.0,0.0,0.0,0.0,0.0,0.0,0.0,0.0,0.0,0.0,0.0,0.0,0.0,4.899375604987733e-05,4.835611759548147e-05,4.774500013330108e-05,4.715959791875707e-05,4.659914476507904e-05,8.037802360050798e-05,7.958141720116203e-05,7.879033818819454e-05,7.800477885091236e-05,7.722473106240323e-05,0.0001327641696205,0.0001314365279243,0.000130122162645,0.0001288209410186,0.0001275327316084,0.0002174227103933,0.0002152484832894,0.0002130959984565,0.0002109650384719,0.0002088553880872,0.0003527458601874,0.0003492184015855,0.0003457262175697,0.000342268955394,0.00033884626584,0.0005664322517769,0.0005607679292592,0.0005551602499666,0.0005496086474669,0.0005441125609922,0.0008989428008773,0.0008899533728685,0.0008810538391398,0.0008722433007484,0.000863520867741,0.0014132234876326,0.0013990912527563,0.0013851003402287,0.0013712493368264,0.0013575368434582,0.0022090093866626,0.002186919292796,0.0021650500998681,0.0021433995988694,0.0021219656028807,0.0034494322219344,0.003414937899715,0.0033807885207179,0.0033469806355107,0.0033135108291556,0.0054057407365301,0.0053516833291648,0.0052981664958732,0.0052451848309144,0.0051927329826053,0.0084889099997228,0.0084040208997256,0.0083199806907283,0.008236780883821,0.0081544130749828,0.0,0.0,0.0,0.0,0.0,0.0,0.0,0.0,0.0,0.0,0.0,0.0,0.0,0.0,0.0,0.0,0.0,0.0,0.0,0.0,0.0,0.0,0.0,0.0,0.0,0.0,0.0,0.0,0.0,0.0,0.0
R_BASE_30_Q2,DIS,2,0.0,0.0,0.0,0.0,0.0,0.0,0.0,0.0,0.0,0.0,0.0,0.0,0.0,0.0,0.0,0.0,0.0,0.0,0.0,0.0,0.0,0.0,0.0,0.0,0.0,0.0,0.0,0.0,0.0,0.0,1.815574692703707e-05,1.8444385328720996e-05,1.8677903602046832e-05,1.8853913543549223e-05,1.897054748688915e-05,2.877767551451945e-05,2.871885266323639e-05,2.858398807785661e-05,2.837395250882741e-05,2.8090212983739136e-05,4.249763652724194e-05,4.207266016196953e-05,4.165193356034983e-05,4.1235414224746335e-05,4.082306008249887e-05,6.306646896978043e-05,6.243580428008263e-05,6.181144623728181e-05,6.119333177490899e-05,6.058139845715989e-05,9.679407086797956e-05,9.582613015929976e-05,9.486786885770678e-05,9.391919016912972e-05,9.297999826743842e-05,0.0001528030554808,0.0001512750249259,0.0001497622746767,0.0001482646519299,0.0001467820054106,0.0002480478755715,0.0002455673968157,0.0002431117228476,0.0002406806056191,0.0002382737995629,0.0004160630744648,0.0004119024437201,0.0004077834192829,0.0004037055850901,0.0003996685292392,0.0007182117395359,0.0007110296221405,0.0007039193259191,0.0006968801326599,0.0006899113313333,0.0012693815354433,0.0012566877200889,0.001244120842888,0.0012316796344591,0.0012193628381145,0.0022843696351586,0.002261525938807,0.0022389106794189,0.0022165215726247,0.0021943563568985,0.0041425997909699,0.0041011737930602,0.0040601620551296,0.0040195604345783,0.0039793648302325,0.0,0.0,0.0,0.0,0.0,0.0,0.0,0.0,0.0,0.0,0.0,0.0,0.0,0.0,0.0,0.0,0.0,0.0,0.0,0.0,0.0,0.0,0.0,0.0,0.0,0.0,0.0,0.0,0.0,0.0,0.0
R_BASE_30_Q3,DIS,1,0.0,0.0,0.0,0.0,0.0,0.0,0.0,0.0,0.0,0.0,0.0,0.0,0.0,0.0,0.0,0.0,0.0,0.0,0.0,0.0,0.0,0.0,0.0,0.0,0.0,0.0,0.0,0.0,0.0,0.0,1.962443379117205e-05,1.9368190998305278e-05,1.9122695932635983e-05,1.888762061737452e-05,1.866265330448151e-05,3.754500342918815e-05,3.722069300153632e-05,3.6882284649673695e-05,3.653020744491087e-05,3.616490537046176e-05,6.90656031710507e-05,6.837494713934018e-05,6.769119766794678e-05,6.701428569126731e-05,6.634414283435463e-05,0.0001186048389966,0.0001174187906066,0.0001162446027006,0.0001150821566736,0.0001139313351068,0.000193457963662,0.0001915233840254,0.0001896081501851,0.0001877120686833,0.0001858349479964,0.0003039078183662,0.0003008687401825,0.0002978600527807,0.0002948814522529,0.0002919326377304,0.0004647207465785,0.0004600735391127,0.0004554728037216,0.0004509180756844,0.0004464088949275,0.0006992210687729,0.0006922288580852,0.0006853065695043,0.0006784535038093,0.0006716689687712,0.0010422481116837,0.0010318256305669,0.0010215073742612,0.0010112923005186,0.0010011793775134,0.0015455223062535,0.001530067083191,0.001514766412359,0.0014996187482355,0.0014846225607531,0.0022911793216999,0.0022682675284829,0.002245584853198,0.0022231290046661,0.0022008977146194,0.0033989794749297,0.0033649896801804,0.0033313397833786,0.0032980263855448,0.0032650461216893,0.0,0.0,0.0,0.0,0.0,0.0,0.0,0.0,0.0,0.0,0.0,0.0,0.0,0.0,0.0,0.0,0.0,0.0,0.0,0.0,0.0,0.0,0.0,0.0,0.0,0.0,0.0,0.0,0.0,0.0,0.0
R_BASE_30_Q3,DIS,2,0.0,0.0,0.0,0.0,0.0,0.0,0.0,0.0,0.0,0.0,0.0,0.0,0.0,0.0,0.0,0.0,0.0,0.0,0.0,0.0,0.0,0.0,0.0,0.0,0.0,0.0,0.0,0.0,0.0,0.0,1.05695539551735e-05,1.0507812341417167e-05,1.044096924240892e-05,1.03691239507102e-05,1.0292382979553218e-05,1.8275846607596172e-05,1.8115162408619294e-05,1.7948597575581667e-05,1.777633793422309e-05,1.759857455488086e-05,3.047110576499976e-05,3.0166394707349764e-05,2.9864730760276263e-05,2.9566083452673504e-05,2.927042261814677e-05,4.957385214047821e-05,4.907811361907343e-05,4.858733248288269e-05,4.810145915805386e-05,4.762044456647333e-05,7.863683963148727e-05,7.785047123517239e-05,7.707196652282068e-05,7.630124685759246e-05,7.553823438901654e-05,0.0001222652831205,0.0001210426302893,0.0001198322039864,0.0001186338819465,0.000117447543127,0.0001882363028506,0.0001863539398221,0.0001844904004239,0.0001826454964197,0.0001808190414555,0.000291441295307,0.000288526882354,0.0002856416135304,0.0002827851973951,0.0002799573454212,0.0004569108595868,0.0004523417509909,0.000447818333481,0.0004433401501462,0.0004389067486447,0.0007244493267461,0.0007172048334786,0.0007100327851438,0.0007029324572924,0.0006959031327195,0.0011605952281316,0.0011489892758503,0.0011374993830918,0.0011261243892609,0.0011148631453683,0.0018684737389982,0.0018497890016082,0.0018312911115921,0.0018129782004762,0.0017948484184715,0.0,0.0,0.0,0.0,0.0,0.0,0.0,0.0,0.0,0.0,0.0,0.0,0.0,0.0,0.0,0.0,0.0,0.0,0.0,0.0,0.0,0.0,0.0,0.0,0.0,0.0,0.0,0.0,0.0,0.0,0.0
R_BASE_40_LIV,DECR,1,0.0,0.0,0.0,0.0,0.0,0.0,0.0,0.0,0.0,0.0,0.0,0.0,0.0,0.0,0.0,0.0,0.0,0.0,0.0,0.0,0.0,0.0,0.0,0.0,0.0,0.0,0.0,0.0,0.0,0.0,0.0,0.0,0.0,0.0,0.0,0.0,0.0,0.0,0.0,0.0,0.03176088574919697,0.03175380447117118,0.03174547550167967,0.03173590226967009,0.03172509314879035,0.0326727141921243,0.0326519581653135,0.032629395538391996,0.032605065574572496,0.032579014918826796,0.0340741226245806,0.0340333813983349,0.0339930475843516,0.0339531171085079,0.0339135859374229,0.0363017833675435,0.036238765533868095,0.036176377878529495,0.0361146140997441,0.0360534679587467,0.0398808126177927,0.0397820044916148,0.0396841844466987,0.0395873426022317,0.039491469176209396,0.0456331850493842,0.0454768531988904,0.045322084666901394,0.0451688638202324,0.0450171751820301,0.0548464013894035,0.0545979373755095,0.0543519580017544,0.0541084384217368,0.053867354037519494,0.0695547361405154,0.0691591887791102,0.0687675968913191,0.0683799209224058,0.0679961217131817,0.0930937010695312,0.0924627640588359,0.0918381364182474,0.0912197550540651,0.0906075575035244,0.1307181294974411,0.1297109482024667,0.1287138387204419,0.12772670033323769,0.12674943332990518,0.0,0.0,0.0,0.0,0.0,0.0,0.0,0.0,0.0,0.0,0.0,0.0,0.0,0.0,0.0,0.0,0.0,0.0,0.0,0.0,0.0,0.0,0.0,0.0,0.0,0.0,0.0,0.0,0.0,0.0,0.0
R_BASE_40_LIV,DECR,2,0.0,0.0,0.0,0.0,0.0,0.0,0.0,0.0,0.0,0.0,0.0,0.0,0.0,0.0,0.0,0.0,0.0,0.0,0.0,0.0,0.0,0.0,0.0,0.0,0.0,0.0,0.0,0.0,0.0,0.0,0.0,0.0,0.0,0.0,0.0,0.0,0.0,0.0,0.0,0.0,0.031084890548350983,0.031084002451187323,0.03108190938194285,0.031078601777488543,0.031074076451436224,0.03160684653895793,0.03159511992249481,0.031582046460678526,0.03156765449074296,0.031551977945835474,0.03234993472713199,0.032326435379860526,0.03230317102606203,0.03228013931580131,0.03225733792264335,0.0334640217586993,0.0334293815411123,0.0333950877257011,0.033361136848444196,0.0333275254799597,0.035167333040841596,0.0351156597104332,0.0350645031133288,0.0350138580821956,0.0349637195013736,0.037820487373304,0.0377422824995709,0.0376648596745753,0.037588211077829496,0.0375123289670513,0.0420284903380254,0.0419082054346452,0.041789123380298804,0.0416712321464958,0.0415545198250309,0.048806720413783394,0.0486186532096457,0.0484324666775492,0.0482481420107736,0.0480656605906658,0.0598763472954748,0.0595775838225201,0.0592818079842949,0.058988989904451894,0.0586991000054074,0.0779660495528277,0.0774863890572995,0.0770115251667264,0.0765414099150591,0.0760759958159086,0.0,0.0,0.0,0.0,0.0,0.0,0.0,0.0,0.0,0.0,0.0,0.0,0.0,0.0,0.0,0.0,0.0,0.0,0.0,0.0,0.0,0.0,0.0,0.0,0.0,0.0,0.0,0.0,0.0,0.0,0.0
R_BASE_40_Q1,DIS,1,0.0,0.0,0.0,0.0,0.0,0.0,0.0,0.0,0.0,0.0,0.0,0.0,0.0,0.0,0.0,0.0,0.0,0.0,0.0,0.0,0.0,0.0,0.0,0.0,0.0,0.0,0.0,0.0,0.0,0.0,0.0,0.0,0.0,0.0,0.0,0.0,0.0,0.0,0.0,0.0,0.0002143838597244,0.0002109227240489,0.0002076794706628,0.0002046455998489,0.0002018132315763,0.0003554958806337,0.0003509447153866,0.0003467796330954,0.0003429879098004,0.0003395580307024,0.0006032112757606,0.000597179163003,0.000591207371373,0.0005852952976592,0.0005794423446826,0.0010292430118043,0.0010189505816862,0.0010087610758694,0.0009986734651107,0.0009886867304596,0.0017431351596301,0.0017257038080338,0.0017084467699535,0.001691362302254,0.0016744486792314,0.0029112246291237,0.0028821123828325,0.0028532912590042,0.0028247583464141,0.00279651076295,0.0047697999119922,0.0047221019128723,0.0046748808937435,0.0046281320848061,0.0045818507639581,0.0076628306482931,0.0075862023418101,0.007510340318392,0.0074352369152081,0.007360884546056,0.0121410195523308,0.0120196093568075,0.0118994132632394,0.011780419130607,0.011662614939301,0.0191033747984963,0.0189123410505113,0.0187232176400062,0.0185359854636062,0.0183506256089701,0.0,0.0,0.0,0.0,0.0,0.0,0.0,0.0,0.0,0.0,0.0,0.0,0.0,0.0,0.0,0.0,0.0,0.0,0.0,0.0,0.0,0.0,0.0,0.0,0.0,0.0,0.0,0.0,0.0,0.0,0.0
R_BASE_40_Q1,DIS,2,0.0,0.0,0.0,0.0,0.0,0.0,0.0,0.0,0.0,0.0,0.0,0.0,0.0,0.0,0.0,0.0,0.0,0.0,0.0,0.0,0.0,0.0,0.0,0.0,0.0,0.0,0.0,0.0,0.0,0.0,0.0,0.0,0.0,0.0,0.0,0.0,0.0,0.0,0.0,0.0,0.0002573280549319,0.0002543319632527,0.000251422991353,0.0002485989299704,0.0002458576478828,0.0004151128237434,0.0004107389832367,0.0004064846829649,0.0004023471417407,0.0003983236703233,0.0006521369911025,0.0006456156211914,0.0006391594649795,0.0006327678703297,0.0006264401916264,0.0009935590017339,0.0009836234117166,0.0009737871775994,0.0009640493058234,0.0009544088127652,0.0014694189422492,0.0014547247528267,0.0014401775052984,0.0014257757302454,0.001411517972943,0.0021215050543879,0.002100290003844,0.0020792871038056,0.0020584942327675,0.0020379092904399,0.0030072987646508,0.0029772257770043,0.0029474535192343,0.0029179789840419,0.0028887991942015,0.0042096992907229,0.0041676022978157,0.0041259262748375,0.0040846670120891,0.0040438203419682,0.005853004525999,0.005794474480739,0.0057365297359316,0.0056791644385723,0.0056223727941866,0.0081185720607315,0.0080373863401242,0.0079570124767229,0.0078774423519557,0.0077986679284362,0.0,0.0,0.0,0.0,0.0,0.0,0.0,0.0,0.0,0.0,0.0,0.0,0.0,0.0,0.0,0.0,0.0,0.0,0.0,0.0,0.0,0.0,0.0,0.0,0.0,0.0,0.0,0.0,0.0,0.0,0.0
R_BASE_40_Q2,DIS,1,0.0,0.0,0.0,0.0,0.0,0.0,0.0,0.0,0.0,0.0,0.0,0.0,0.0,0.0,0.0,0.0,0.0,0.0,0.0,0.0,0.0,0.0,0.0,0.0,0.0,0.0,0.0,0.0,0.0,0.0,0.0,0.0,0.0,0.0,0.0,0.0,0.0,0.0,0.0,0.0,0.0001448407054857,0.0001438211187496,0.0001427554840458,0.0001416449142613,0.0001404905643378,0.0002394455228565,0.000237528015247,0.0002354681538727,0.0002332698140549,0.0002309371159144,0.0003900407470858,0.0003861403396149,0.0003822789362188,0.0003784561468566,0.000374671585388,0.0006263196357263,0.0006200564393691,0.0006138558749754,0.0006077173162256,0.0006016401430634,0.0009939856457997,0.0009840457893417,0.0009742053314483,0.0009644632781338,0.0009548186453525,0.0015626398694588,0.0015470134707642,0.0015315433360565,0.001516227902696,0.001501065623669,0.0024425621069957,0.0024181364859257,0.0023939551210665,0.0023700155698558,0.0023463154141573,0.0038141315681216,0.0037759902524404,0.003738230349916,0.0037008480464168,0.0036638395659526,0.0059772754081592,0.0059175026540776,0.0058583276275368,0.0057997443512615,0.0057417469077488,0.009386420003559,0.0092925558035234,0.0091996302454881,0.0091076339430333,0.0090165576036029,0.0,0.0,0.0,0.0,0.0,0.0,0.0,0.0,0.0,0.0,0.0,0.0,0.0,0.0,0.0,0.0,0.0,0.0,0.0,0.0,0.0,0.0,0.0,0.0,0.0,0.0,0.0,0.0,0.0,0.0,0.0
R_BASE_40_Q2,DIS,2,0.0,0.0,0.0,0.0,0.0,0.0,0.0,0.0,0.0,0.0,0.0,0.0,0.0,0.0,0.0,0.0,0.0,0.0,0.0,0.0,0.0,0.0,0.0,0.0,0.0,0.0,0.0,0.0,0.0,0.0,0.0,0.0,0.0,0.0,0.0,0.0,0.0,0.0,0.0,0.0,4.3573337321578965e-05,4.386573262293135e-05,4.406846317865901e-05,4.418008037277553e-05,4.419969682185556e-05,6.906610627919206e-05,6.870523804678087e-05,6.82368987817915e-05,6.766314090680451e-05,6.698650949773647e-05,0.0001070278519916,0.0001059575734717,0.000104897997737,0.0001038490177596,0.000102810527582,0.0001689585184218,0.0001672689332376,0.0001655962439052,0.0001639402814662,0.0001623008786515,0.0002742733214488,0.0002715305882344,0.000268815282352,0.0002661271295285,0.0002634658582332,0.000460052322975,0.0004554517997453,0.0004508972817478,0.0004463883089304,0.0004419244258411,0.0007941463673181,0.0007862049036449,0.0007783428546085,0.0007705594260624,0.0007628538318018,0.0014035898880802,0.0013895539891994,0.0013756584493074,0.0013619018648143,0.0013482828461661,0.0025258899952615,0.0025006310953089,0.0024756247843558,0.0024508685365122,0.0024263598511471,0.0045805859110261,0.0045347800519159,0.0044894322513967,0.0044445379288827,0.0044000925495939,0.0,0.0,0.0,0.0,0.0,0.0,0.0,0.0,0.0,0.0,0.0,0.0,0.0,0.0,0.0,0.0,0.0,0.0,0.0,0.0,0.0,0.0,0.0,0.0,0.0,0.0,0.0,0.0,0.0,0.0,0.0
R_BASE_40_Q3,DIS,1,0.0,0.0,0.0,0.0,0.0,0.0,0.0,0.0,0.0,0.0,0.0,0.0,0.0,0.0,0.0,0.0,0.0,0.0,0.0,0.0,0.0,0.0,0.0,0.0,0.0,0.0,0.0,0.0,0.0,0.0,0.0,0.0,0.0,0.0,0.0,0.0,0.0,0.0,0.0,0.0,7.371944736137115e-05,7.355624564798622e-05,7.332181497877431e-05,7.301676937169106e-05,7.264192766805176e-05,0.0001302423618007,0.0001293856115187,0.0001283869164982,0.0001272494887434,0.000125976993856,0.0002139117625259,0.0002117726449007,0.0002096549184517,0.0002075583692671,0.0002054827855745,0.0003360391882637,0.0003326787963811,0.0003293520084173,0.0003260584883331,0.0003227979034498,0.0005138544420774,0.0005087158976567,0.0005036287386801,0.0004985924512933,0.0004936065267804,0.0007731478631596,0.000765416384528,0.0007577622206827,0.0007501845984759,0.0007426827524911,0.0011524422481213,0.0011409178256401,0.0011295086473837,0.0011182135609098,0.0011070314253007,0.0017089262922847,0.0016918370293618,0.0016749186590682,0.0016581694724775,0.0016415877777527,0.0025334196519514,0.0025080854554319,0.0024830046008775,0.0024581745548688,0.0024335928093201,0.0037583445856073,0.0037207611397513,0.0036835535283537,0.0036467179930702,0.0036102508131395,0.0,0.0,0.0,0.0,0.0,0.0,0.0,0.0,0.0,0.0,0.0,0.0,0.0,0.0,0.0,0.0,0.0,0.0,0.0,0.0,0.0,0.0,0.0,0.0,0.0,0.0,0.0,0.0,0.0,0.0,0.0
R_BASE_40_Q3,DIS,2,0.0,0.0,0.0,0.0,0.0,0.0,0.0,0.0,0.0,0.0,0.0,0.0,0.0,0.0,0.0,0.0,0.0,0.0,0.0,0.0,0.0,0.0,0.0,0.0,0.0,0.0,0.0,0.0,0.0,0.0,0.0,0.0,0.0,0.0,0.0,0.0,0.0,0.0,0.0,0.0,3.335297301940567e-05,3.309387215839146e-05,3.28275527750922e-05,3.255421952256747e-05,3.227408133346831e-05,5.472649357013935e-05,5.422309899362904e-05,5.3709845885934936e-05,5.318709922195835e-05,5.2655228229738775e-05,8.695090471659526e-05,8.608139566942931e-05,8.522058171273502e-05,8.436837589560767e-05,8.352469213665159e-05,0.0001351920681525,0.0001338401474709,0.0001325017459962,0.0001311767285363,0.0001298649612509,0.0002081380293266,0.0002060566490333,0.000203996082543,0.0002019561217176,0.0001999365605004,0.0003222546126915,0.0003190320665645,0.0003158417458989,0.0003126833284399,0.0003095564951555,0.0005052188363887,0.0005001666480249,0.0004951649815446,0.0004902133317292,0.0004853111984119,0.0008010434381276,0.0007930330037464,0.0007851026737089,0.0007772516469718,0.0007694791305021,0.0012833018922012,0.0012704688732792,0.0012577641845464,0.0012451865427009,0.0012327346772739,0.0020660225259109,0.0020453623006518,0.0020249086776452,0.0020046595908688,0.0019846129949601,0.0,0.0,0.0,0.0,0.0,0.0,0.0,0.0,0.0,0.0,0.0,0.0,0.0,0.0,0.0,0.0,0.0,0.0,0.0,0.0,0.0,0.0,0.0,0.0,0.0,0.0,0.0,0.0,0.0,0.0,0.0
R_BASE_50_LIV,DECR,1,0.0,0.0,0.0,0.0,0.0,0.0,0.0,0.0,0.0,0.0,0.0,0.0,0.0,0.0,0.0,0.0,0.0,0.0,0.0,0.0,0.0,0.0,0.0,0.0,0.0,0.0,0.0,0.0,0.0,0.0,0.0,0.0,0.0,0.0,0.0,0.0,0.0,0.0,0.0,0.0,0.0,0.0,0.0,0.0,0.0,0.0,0.0,0.0,0.0,0.0,0.0343878498940925,0.0343691085599003,0.0343474682553589,0.034322911115952495,0.034295435294357496,0.0369360880991124,0.036882499825886,0.036824139417892296,0.036761096077324,0.0366934851165506,0.040925484804303,0.04081622995626,0.0407080676566974,0.040600986980130496,0.0404949771103292,0.0472860403599131,0.047113179956314,0.046942048156750696,0.0467726276751834,0.0466049013984315,0.057473345697570996,0.0571986122405954,0.0569266261181893,0.0566573598570075,0.0563907862584375,0.0737367537831069,0.0732993862452758,0.072866392382823,0.0724377284589947,0.0720133511744049,0.0997644312210821,0.0990667869088713,0.0983761190397825,0.09769235784938479,0.0970154342708908,0.1413667909621723,0.1402531230525505,0.1391505918220251,0.1380590859038048,0.1369784950447667,0.0,0.0,0.0,0.0,0.0,0.0,0.0,0.0,0.0,0.0,0.0,0.0,0.0,0.0,0.0,0.0,0.0,0.0,0.0,0.0,0.0,0.0,0.0,0.0,0.0,0.0,0.0,0.0,0.0,0.0,0.0
R_BASE_50_LIV,DECR,2,0.0,0.0,0.0,0.0,0.0,0.0,0.0,0.0,0.0,0.0,0.0,0.0,0.0,0.0,0.0,0.0,0.0,0.0,0.0,0.0,0.0,0.0,0.0,0.0,0.0,0.0,0.0,0.0,0.0,0.0,0.0,0.0,0.0,0.0,0.0,0.0,0.0,0.0,0.0,0.0,0.0,0.0,0.0,0.0,0.0,0.0,0.0,0.0,0.0,0.0,0.03252622774861076,0.03251654898183316,0.032505014627064524,0.0324916303439456,0.032476408869480666,0.0338123345729765,0.0337830678845453,0.033751102264946396,0.0337165009583051,0.0336793359487222,0.035713661497317195,0.035656524882344,0.0355999596335206,0.035543960037185296,0.0354885204368136,0.0386473268206117,0.0385608535524056,0.0384752450168815,0.0383904925667127,0.038306587641045595,0.0433002308099796,0.0431672285018799,0.0430355562168611,0.0429052006546925,0.0427761486481456,0.0507951052254107,0.050587154173156595,0.050381282631424995,0.0501774698051109,0.0499756951070599,0.0630350944817035,0.0627047435368864,0.0623776961015174,0.0620539191405024,0.061733379949097195,0.0830373731172866,0.0825069993861136,0.0819819293922525,0.08146211009833,0.0809474889973467,0.0,0.0,0.0,0.0,0.0,0.0,0.0,0.0,0.0,0.0,0.0,0.0,0.0,0.0,0.0,0.0,0.0,0.0,0.0,0.0,0.0,0.0,0.0,0.0,0.0,0.0,0.0,0.0,0.0,0.0,0.0
R_BASE_50_Q1,DIS,1,0.0,0.0,0.0,0.0,0.0,0.0,0.0,0.0,0.0,0.0,0.0,0.0,0.0,0.0,0.0,0.0,0.0,0.0,0.0,0.0,0.0,0.0,0.0,0.0,0.0,0.0,0.0,0.0,0.0,0.0,0.0,0.0,0.0,0.0,0.0,0.0,0.0,0.0,0.0,0.0,0.0,0.0,0.0,0.0,0.0,0.0,0.0,0.0,0.0,0.0,0.0006938563310142,0.0006809077734918,0.0006689380880842,0.0006579030878099,0.0006477624462881,0.0011461883258701,0.0011306952410917,0.0011167371476356,0.001104260569407,0.0010932179637129,0.0019274322300264,0.0019081579077262,0.0018890763286489,0.0018701855653624,0.0018514837097088,0.0032190207099089,0.0031868305028098,0.0031549621977817,0.0031234125758039,0.0030921784500459,0.0052740982421017,0.0052213572596807,0.0051691436870838,0.005117452250213,0.0050662777277109,0.0084730014670166,0.0083882714523464,0.0083043887378229,0.0082213448504447,0.0081391314019403,0.01342465744051,0.0132904108661049,0.0131575067574438,0.0130259316898694,0.0128956723729707,0.021123124093664,0.0209118928527273,0.0207027739242001,0.0204957461849581,0.0202907887231085,0.0,0.0,0.0,0.0,0.0,0.0,0.0,0.0,0.0,0.0,0.0,0.0,0.0,0.0,0.0,0.0,0.0,0.0,0.0,0.0,0.0,0.0,0.0,0.0,0.0,0.0,0.0,0.0,0.0,0.0,0.0
R_BASE_50_Q1,DIS,2,0.0,0.0,0.0,0.0,0.0,0.0,0.0,0.0,0.0,0.0,0.0,0.0,0.0,0.0,0.0,0.0,0.0,0.0,0.0,0.0,0.0,0.0,0.0,0.0,0.0,0.0,0.0,0.0,0.0,0.0,0.0,0.0,0.0,0.0,0.0,0.0,0.0,0.0,0.0,0.0,0.0,0.0,0.0,0.0,0.0,0.0,0.0,0.0,0.0,0.0,0.0007239235965283,0.0007160589920363,0.0007083571493317,0.0007008146368649,0.000693428111981,0.0010985475408537,0.0010875906890972,0.0010767336743138,0.001065975689328,0.0010553159324348,0.0016247767208731,0.0016085289536643,0.0015924436641277,0.0015765192274864,0.0015607540352116,0.0023458061730904,0.0023223481113594,0.0022991246302459,0.0022761333839434,0.002253372050104,0.0033252525097001,0.0032919999846031,0.0032590799847571,0.0032264891849095,0.0031942242930604,0.0046547796634314,0.0046082318667971,0.0045621495481291,0.0045165280526479,0.0044713627721214,0.0064718272152199,0.0064071089430677,0.006343037853637,0.0062796074751007,0.0062168114003496,0.0089769272137028,0.0088871579415657,0.0087982863621501,0.0087103034985286,0.0086232004635433,0.0,0.0,0.0,0.0,0.0,0.0,0.0,0.0,0.0,0.0,0.0,0.0,0.0,0.0,0.0,0.0,0.0,0.0,0.0,0.0,0.0,0.0,0.0,0.0,0.0,0.0,0.0,0.0,0.0,0.0,0.0
R_BASE_50_Q2,DIS,1,0.0,0.0,0.0,0.0,0.0,0.0,0.0,0.0,0.0,0.0,0.0,0.0,0.0,0.0,0.0,0.0,0.0,0.0,0.0,0.0,0.0,0.0,0.0,0.0,0.0,0.0,0.0,0.0,0.0,0.0,0.0,0.0,0.0,0.0,0.0,0.0,0.0,0.0,0.0,0.0,0.0,0.0,0.0,0.0,0.0,0.0,0.0,0.0,0.0,0.0,0.0004166172394219,0.0004156297761307,0.0004142482564495,0.0004124762495502,0.0004103184333983,0.0006873170328311,0.0006830226380792,0.0006779008538612,0.0006719696608535,0.0006652499642449,0.001099077119358,0.0010880863481644,0.0010772054846828,0.001066433429836,0.0010557690955376,0.0017278536501772,0.0017105751136754,0.0016934693625386,0.0016765346689133,0.0016597693222241,0.0027008077387778,0.00267379966139,0.0026470616647761,0.0026205910481284,0.0025943851376471,0.0042173896116688,0.0041752157155521,0.0041334635583966,0.0040921289228126,0.0040512076335845,0.0066092369290944,0.0065431445598035,0.0064777131142054,0.0064129359830634,0.0063488066232327,0.0103788213664757,0.0102750331528109,0.0101722828212828,0.01007055999307,0.0099698543931393,0.0,0.0,0.0,0.0,0.0,0.0,0.0,0.0,0.0,0.0,0.0,0.0,0.0,0.0,0.0,0.0,0.0,0.0,0.0,0.0,0.0,0.0,0.0,0.0,0.0,0.0,0.0,0.0,0.0,0.0,0.0
R_BASE_50_Q2,DIS,2,0.0,0.0,0.0,0.0,0.0,0.0,0.0,0.0,0.0,0.0,0.0,0.0,0.0,0.0,0.0,0.0,0.0,0.0,0.0,0.0,0.0,0.0,0.0,0.0,0.0,0.0,0.0,0.0,0.0,0.0,0.0,0.0,0.0,0.0,0.0,0.0,0.0,0.0,0.0,0.0,0.0,0.0,0.0,0.0,0.0,0.0,0.0,0.0,0.0,0.0,0.0001128578186908,0.0001129121133092,0.0001128185038142,0.0001125771643331,0.0001121888497161,0.0001855844610844,0.0001843399818612,0.0001829014258669,0.0001812732538563,0.0001794605213178,0.000303271514361,0.0003002387992174,0.0002972364112252,0.0002942640471129,0.0002913214066418,0.0005086924383929,0.000503605514009,0.0004985694588689,0.0004935837642802,0.0004886479266374,0.0008781093624731,0.0008693282688484,0.0008606349861599,0.0008520286362983,0.0008435083499353,0.0015519877349034,0.0015364678575544,0.0015211031789788,0.0015058921471891,0.0014908332257172,0.0027929456642945,0.0027650162076516,0.002737366045575,0.0027099923851193,0.0026828924612681,0.0050648791452236,0.0050142303537713,0.0049640880502336,0.0049144471697313,0.004865302698034,0.0,0.0,0.0,0.0,0.0,0.0,0.0,0.0,0.0,0.0,0.0,0.0,0.0,0.0,0.0,0.0,0.0,0.0,0.0,0.0,0.0,0.0,0.0,0.0,0.0,0.0,0.0,0.0,0.0,0.0,0.0
R_BASE_50_Q3,DIS,1,0.0,0.0,0.0,0.0,0.0,0.0,0.0,0.0,0.0,0.0,0.0,0.0,0.0,0.0,0.0,0.0,0.0,0.0,0.0,0.0,0.0,0.0,0.0,0.0,0.0,0.0,0.0,0.0,0.0,0.0,0.0,0.0,0.0,0.0,0.0,0.0,0.0,0.0,0.0,0.0,0.0,0.0,0.0,0.0,0.0,0.0,0.0,0.0,0.0,0.0,0.0002268577584766,0.0002266794139235,0.0002262401358523,0.0002255411412566,0.000224584543544,0.0003691100166042,0.0003666330144649,0.000363770651339,0.0003605317899848,0.0003569264720849,0.0005681829132587,0.0005625010841261,0.0005568760732848,0.000551307312552,0.0005457942394265,0.0008548907420042,0.0008463418345842,0.0008378784162383,0.000829499632076,0.0008212046357552,0.0012742869191763,0.0012615440499846,0.0012489286094847,0.0012364393233899,0.001224074930156,0.0018896065496079,0.0018707104841119,0.0018520033792707,0.001833483345478,0.0018151485120233,0.0028012714116727,0.0027732586975559,0.0027455261105804,0.0027180708494746,0.0026908901409798,0.0041557044190319,0.0041141473748416,0.0040730059010932,0.0040322758420822,0.0039919530836614,0.0,0.0,0.0,0.0,0.0,0.0,0.0,0.0,0.0,0.0,0.0,0.0,0.0,0.0,0.0,0.0,0.0,0.0,0.0,0.0,0.0,0.0,0.0,0.0,0.0,0.0,0.0,0.0,0.0,0.0,0.0
R_BASE_50_Q3,DIS,2,0.0,0.0,0.0,0.0,0.0,0.0,0.0,0.0,0.0,0.0,0.0,0.0,0.0,0.0,0.0,0.0,0.0,0.0,0.0,0.0,0.0,0.0,0.0,0.0,0.0,0.0,0.0,0.0,0.0,0.0,0.0,0.0,0.0,0.0,0.0,0.0,0.0,0.0,0.0,0.0,0.0,0.0,0.0,0.0,0.0,0.0,0.0,0.0,0.0,0.0,9.508041988886336e-05,9.43625067700613e-05,9.362112274082754e-05,9.285689900900075e-05,9.207048299536592e-05,0.0001491740672429,0.0001478364211584,0.0001464598654931,0.0001450456971242,0.000143595240153,0.0002301439127092,0.0002278424735821,0.0002255640488463,0.0002233084083578,0.0002210753242743,0.0003563257406316,0.0003527624832253,0.000349234858393,0.0003457425098091,0.000342285084711,0.0005586342878189,0.0005530479449407,0.0005475174654913,0.0005420422908364,0.0005366218679281,0.0008857356423388,0.0008768782859154,0.0008681095030563,0.0008594284080257,0.0008508341239455,0.0014189820073432,0.0014047921872697,0.001390744265397,0.0013768368227431,0.0013630684545156,0.0022844576236109,0.0022616130473748,0.002238996916901,0.002216606947732,0.0021944408782547,0.0,0.0,0.0,0.0,0.0,0.0,0.0,0.0,0.0,0.0,0.0,0.0,0.0,0.0,0.0,0.0,0.0,0.0,0.0,0.0,0.0,0.0,0.0,0.0,0.0,0.0,0.0,0.0,0.0,0.0,0.0
R_BASE_60_LIV,DECR,1,0.0,0.0,0.0,0.0,0.0,0.0,0.0,0.0,0.0,0.0,0.0,0.0,0.0,0.0,0.0,0.0,0.0,0.0,0.0,0.0,0.0,0.0,0.0,0.0,0.0,0.0,0.0,0.0,0.0,0.0,0.0,0.0,0.0,0.0,0.0,0.0,0.0,0.0,0.0,0.0,0.0,0.0,0.0,0.0,0.0,0.0,0.0,0.0,0.0,0.0,0.0,0.0,0.0,0.0,0.0,0.0,0.0,0.0,0.0,0.0,0.0417352409908307,0.0416916545193312,0.0416396424383771,0.0415790732045258,0.0415098742620196,0.0490094529531381,0.048870749386261,0.048716160073968,0.0485459532410791,0.048360493708668295,0.0603780298800191,0.0600742495812188,0.0597735070854066,0.0594757720145526,0.0591810142944071,0.078360925090959,0.0778773158400494,0.0773985426816489,0.07692455725483241,0.0764553116822841,0.10714044002962231,0.106369035629326,0.1056053452730327,0.1048492918203025,0.1041007989020995,0.1531413072412875,0.15190989416887452,0.15069079522718581,0.1494838872749139,0.1482890484021648,0.0,0.0,0.0,0.0,0.0,0.0,0.0,0.0,0.0,0.0,0.0,0.0,0.0,0.0,0.0,0.0,0.0,0.0,0.0,0.0,0.0,0.0,0.0,0.0,0.0,0.0,0.0,0.0,0.0,0.0,0.0
R_BASE_60_LIV,DECR,2,0.0,0.0,0.0,0.0,0.0,0.0,0.0,0.0,0.0,0.0,0.0,0.0,0.0,0.0,0.0,0.0,0.0,0.0,0.0,0.0,0.0,0.0,0.0,0.0,0.0,0.0,0.0,0.0,0.0,0.0,0.0,0.0,0.0,0.0,0.0,0.0,0.0,0.0,0.0,0.0,0.0,0.0,0.0,0.0,0.0,0.0,0.0,0.0,0.0,0.0,0.0,0.0,0.0,0.0,0.0,0.0,0.0,0.0,0.0,0.0,0.0361310982821393,0.036110165978376,0.0360843523661663,0.0360536856060414,0.036018210214677,0.0395080495217824,0.039439412398604295,0.0393625325189445,0.039277597155639096,0.0391848211840827,0.0447064290386895,0.0445593647483026,0.0444137711008196,0.0442696333898114,0.044126937055913196,0.0529937167045337,0.0527637795374884,0.052536141742113504,0.0523107803246923,0.0520876725214454,0.06652780765406241,0.0661625295775217,0.0658009042817465,0.0654428952389291,0.0650884662865398,0.0886448743101971,0.0880584255670951,0.0874778413114241,0.08690306289830979,0.0863340322693267,0.0,0.0,0.0,0.0,0.0,0.0,0.0,0.0,0.0,0.0,0.0,0.0,0.0,0.0,0.0,0.0,0.0,0.0,0.0,0.0,0.0,0.0,0.0,0.0,0.0,0.0,0.0,0.0,0.0,0.0,0.0
R_BASE_60_Q1,DIS,1,0.0,0.0,0.0,0.0,0.0,0.0,0.0,0.0,0.0,0.0,0.0,0.0,0.0,0.0,0.0,0.0,0.0,0.0,0.0,0.0,0.0,0.0,0.0,0.0,0.0,0.0,0.0,0.0,0.0,0.0,0.0,0.0,0.0,0.0,0.0,0.0,0.0,0.0,0.0,0.0,0.0,0.0,0.0,0.0,0.0,0.0,0.0,0.0,0.0,0.0,0.0,0.0,0.0,0.0,0.0,0.0,0.0,0.0,0.0,0.0,0.0022246621077958,0.002181483568655,0.0021417087894066,0.0021051781458166,0.0020717465583697,0.0035827778163287,0.0035353346195054,0.0034923402019007,0.0034536427270228,0.0034191062997525,0.0058317147009469,0.0057733975539374,0.005715663578398,0.005658506942614,0.0056019218731879,0.0093688295037626,0.009275141208725,0.0091823897966378,0.0090905658986714,0.0089996602396847,0.0148440109677973,0.0146955708581193,0.0145486151495381,0.0144031289980428,0.0142590977080623,0.023356416140223,0.0231228519788207,0.0228916234590325,0.0226627072244422,0.0224360801521978,0.0,0.0,0.0,0.0,0.0,0.0,0.0,0.0,0.0,0.0,0.0,0.0,0.0,0.0,0.0,0.0,0.0,0.0,0.0,0.0,0.0,0.0,0.0,0.0,0.0,0.0,0.0,0.0,0.0,0.0,0.0
R_BASE_60_Q1,DIS,2,0.0,0.0,0.0,0.0,0.0,0.0,0.0,0.0,0.0,0.0,0.0,0.0,0.0,0.0,0.0,0.0,0.0,0.0,0.0,0.0,0.0,0.0,0.0,0.0,0.0,0.0,0.0,0.0,0.0,0.0,0.0,0.0,0.0,0.0,0.0,0.0,0.0,0.0,0.0,0.0,0.0,0.0,0.0,0.0,0.0,0.0,0.0,0.0,0.0,0.0,0.0,0.0,0.0,0.0,0.0,0.0,0.0,0.0,0.0,0.0,0.0017875054466872,0.0017716181705999,0.001755625836094,0.0017395338229552,0.0017233475047213,0.0025895234627093,0.0025657549533619,0.0025415022069383,0.0025167829469876,0.0024916151175177,0.0036768226633282,0.0036400544366949,0.0036036538923279,0.0035676173534046,0.0035319411798706,0.0051469172068521,0.0050954480347836,0.0050444935544358,0.0049940486188914,0.0049441081327025,0.0071560763907853,0.0070845156268774,0.0070136704706087,0.0069435337659026,0.0068740984282435,0.0099260339869246,0.0098267736470553,0.0097285059105848,0.0096312208514789,0.0095349086429641,0.0,0.0,0.0,0.0,0.0,0.0,0.0,0.0,0.0,0.0,0.0,0.0,0.0,0.0,0.0,0.0,0.0,0.0,0.0,0.0,0.0,0.0,0.0,0.0,0.0,0.0,0.0,0.0,0.0,0.0,0.0
R_BASE_60_Q2,DIS,1,0.0,0.0,0.0,0.0,0.0,0.0,0.0,0.0,0.0,0.0,0.0,0.0,0.0,0.0,0.0,0.0,0.0,0.0,0.0,0.0,0.0,0.0,0.0,0.0,0.0,0.0,0.0,0.0,0.0,0.0,0.0,0.0,0.0,0.0,0.0,0.0,0.0,0.0,0.0,0.0,0.0,0.0,0.0,0.0,0.0,0.0,0.0,0.0,0.0,0.0,0.0,0.0,0.0,0.0,0.0,0.0,0.0,0.0,0.0,0.0,0.0011507224251671,0.0011530931877719,0.0011537305123607,0.0011526289060662,0.0011497907291748,0.0018910163939931,0.0018817376539307,0.0018693097206661,0.0018537902455629,0.0018352523431073,0.0029863569982317,0.0029564934282493,0.0029269284939668,0.0028976592090272,0.0028686826169369,0.0046632830616725,0.0046166502310558,0.0045704837287452,0.0045247788914578,0.0044795311025432,0.0073080140703033,0.0072349339296002,0.0071625845903042,0.0070909587444012,0.0070200491569572,0.0114761467009114,0.0113613852339022,0.0112477713815632,0.0111352936677476,0.0110239407310701,0.0,0.0,0.0,0.0,0.0,0.0,0.0,0.0,0.0,0.0,0.0,0.0,0.0,0.0,0.0,0.0,0.0,0.0,0.0,0.0,0.0,0.0,0.0,0.0,0.0,0.0,0.0,0.0,0.0,0.0,0.0
R_BASE_60_Q2,DIS,2,0.0,0.0,0.0,0.0,0.0,0.0,0.0,0.0,0.0,0.0,0.0,0.0,0.0,0.0,0.0,0.0,0.0,0.0,0.0,0.0,0.0,0.0,0.0,0.0,0.0,0.0,0.0,0.0,0.0,0.0,0.0,0.0,0.0,0.0,0.0,0.0,0.0,0.0,0.0,0.0,0.0,0.0,0.0,0.0,0.0,0.0,0.0,0.0,0.0,0.0,0.0,0.0,0.0,0.0,0.0,0.0,0.0,0.0,0.0,0.0,0.0003247717434892,0.0003238168484534,0.0003225790008741,0.0003210612174273,0.0003192672470283,0.0005601296795869,0.0005556879057153,0.0005508979120049,0.0005457690703073,0.0005403113796043,0.0009709495430508,0.0009612400476203,0.0009516276471441,0.0009421113706727,0.0009326902569659,0.0017160752936068,0.0016989145406707,0.001681925395264,0.0016651061413113,0.0016484550798982,0.0030882364229381,0.0030573540587087,0.0030267805181216,0.0029965127129404,0.002966547585811,0.005600375422273,0.0055443716680503,0.0054889279513698,0.0054340386718561,0.0053796982851375,0.0,0.0,0.0,0.0,0.0,0.0,0.0,0.0,0.0,0.0,0.0,0.0,0.0,0.0,0.0,0.0,0.0,0.0,0.0,0.0,0.0,0.0,0.0,0.0,0.0,0.0,0.0,0.0,0.0,0.0,0.0
R_BASE_60_Q3,DIS,1,0.0,0.0,0.0,0.0,0.0,0.0,0.0,0.0,0.0,0.0,0.0,0.0,0.0,0.0,0.0,0.0,0.0,0.0,0.0,0.0,0.0,0.0,0.0,0.0,0.0,0.0,0.0,0.0,0.0,0.0,0.0,0.0,0.0,0.0,0.0,0.0,0.0,0.0,0.0,0.0,0.0,0.0,0.0,0.0,0.0,0.0,0.0,0.0,0.0,0.0,0.0,0.0,0.0,0.0,0.0,0.0,0.0,0.0,0.0,0.0,0.0006067710214868,0.0006053608557358,0.000603373127267,0.0006008129927908,0.0005976872446937,0.0009410664028446,0.0009337366870303,0.0009257758136682,0.0009172004344158,0.0009080284300717,0.0014090139050621,0.0013949237660115,0.0013809745283514,0.0013671647830679,0.0013534931352372,0.0020893896526969,0.0020684957561699,0.0020478107986082,0.0020273326906221,0.0020070593637159,0.0030974424295676,0.0030664680052719,0.0030358033252192,0.003005445291967,0.0029753908390474,0.0045950760567556,0.0045491252961881,0.0045036340432262,0.0044585977027939,0.004414011725766,0.0,0.0,0.0,0.0,0.0,0.0,0.0,0.0,0.0,0.0,0.0,0.0,0.0,0.0,0.0,0.0,0.0,0.0,0.0,0.0,0.0,0.0,0.0,0.0,0.0,0.0,0.0,0.0,0.0,0.0,0.0
R_BASE_60_Q3,DIS,2,0.0,0.0,0.0,0.0,0.0,0.0,0.0,0.0,0.0,0.0,0.0,0.0,0.0,0.0,0.0,0.0,0.0,0.0,0.0,0.0,0.0,0.0,0.0,0.0,0.0,0.0,0.0,0.0,0.0,0.0,0.0,0.0,0.0,0.0,0.0,0.0,0.0,0.0,0.0,0.0,0.0,0.0,0.0,0.0,0.0,0.0,0.0,0.0,0.0,0.0,0.0,0.0,0.0,0.0,0.0,0.0,0.0,0.0,0.0,0.0,0.0002517275330603,0.000249812249058,0.0002478368612286,0.000245803007881,0.0002437123672903,0.0003935410453206,0.0003898323006546,0.0003860836641019,0.0003822969509936,0.0003784739814836,0.0006176972136621,0.0006115202415255,0.0006054050391103,0.0005993509887192,0.000593357478832,0.0009793821293176,0.0009695883080245,0.0009598924249442,0.0009502935006948,0.0009407905656878,0.0015690072222289,0.0015533171500066,0.0015377839785065,0.0015224061387215,0.0015071820773343,0.0025259872865002,0.0025007274136352,0.0024757201394988,0.0024509629381038,0.0024264533087228,0.0,0.0,0.0,0.0,0.0,0.0,0.0,0.0,0.0,0.0,0.0,0.0,0.0,0.0,0.0,0.0,0.0,0.0,0.0,0.0,0.0,0.0,0.0,0.0,0.0,0.0,0.0,0.0,0.0,0.0,0.0
R_DN50_30_LIV,DECR,1,0.0,0.0,0.0,0.0,0.0,0.0,0.0,0.0,0.0,0.0,0.0,0.0,0.0,0.0,0.0,0.0,0.0,0.0,0.0,0.0,0.0,0.0,0.0,0.0,0.0,0.0,0.0,0.0,0.0,0.0,0.03077994515527443,0.03077643918498112,0.030772506991572284,0.0307681509044104,0.030763374991510845,0.03112767513789969,0.031119712496161887,0.031111096937438854,0.031101844851527886,0.031091975226578916,0.03165062624816617,0.03163614191989853,0.03162179232524287,0.031607576167410695,0.0315934921623299,0.0324689727734523,0.0324477660263039,0.0324267539317242,0.0324059346302618,0.032385306280624596,0.0337822147995412,0.0337503395946236,0.0337187534070398,0.0336874534952901,0.0336564371445464,0.035910382509592095,0.0358613403424575,0.0358127382887043,0.035764572198740296,0.0357168379632113,0.0393645083997682,0.0392877063273797,0.0392115880606573,0.039136147182619097,0.039061377338348496,0.0449685983827149,0.044846790048768,0.0447260604099113,0.044606399376134795,0.0444877969548447,0.054020882672836,0.053826249954447195,0.053633335682700595,0.0534421238125325,0.0532525984536327,0.0685827804938428,0.0682706290256893,0.06796123069053339,0.0676545597989537,0.0673505909092131,0.09205067635725739,0.0915485041165733,0.0910507619256816,0.0905574084424476,0.0900684027233655,0.1298219612522241,0.1290132362873063,0.12821165109879978,0.1274171390263065,0.1266296340523457,0.0,0.0,0.0,0.0,0.0,0.0,0.0,0.0,0.0,0.0,0.0,0.0,0.0,0.0,0.0,0.0,0.0,0.0,0.0,0.0,0.0,0.0,0.0,0.0,0.0,0.0,0.0,0.0,0.0,0.0,0.0
R_DN50_30_LIV,DECR,2,0.0,0.0,0.0,0.0,0.0,0.0,0.0,0.0,0.0,0.0,0.0,0.0,0.0,0.0,0.0,0.0,0.0,0.0,0.0,0.0,0.0,0.0,0.0,0.0,0.0,0.0,0.0,0.0,0.0,0.0,0.030503392322128738,0.030507352250991923,0.030510303639740777,0.03051221479080499,0.030513062204210562,0.03073106088015922,0.03072797847316622,0.030723819438122336,0.030718599466678105,0.03071234143567313,0.031034095023362494,0.031025328429757297,0.031016641630305024,0.03100803386642304,0.030999504386917745,0.03149155319469952,0.03147922791733326,0.031467012941467705,0.03145490722884434,0.031442909751263244,0.032193671314515684,0.032175902823298325,0.03215829117588338,0.032140834908038714,0.03212353256965282,0.033270361448733,0.0332442137720104,0.0332182947923664,0.0331926023867283,0.033167134452435,0.034930435628583396,0.0348912432352042,0.0348523922059441,0.0348138793799612,0.0347757016267579,0.0375320721621526,0.0374721790359156,0.037412807702964096,0.037353953331055095,0.0372956111343395,0.0416763527312626,0.0415830535608309,0.0414905700603192,0.041398894659637295,0.0413080198614624,0.0483753131216907,0.0482273992891321,0.048080785398405795,0.0479354593460759,0.047791409145261,0.0593540905619881,0.0591159135305819,0.0588798414501191,0.058645854655186395,0.058413933670105195,0.0773788474585914,0.0769918218670574,0.0766082327170235,0.0762280478131469,0.07585123527119239,0.0,0.0,0.0,0.0,0.0,0.0,0.0,0.0,0.0,0.0,0.0,0.0,0.0,0.0,0.0,0.0,0.0,0.0,0.0,0.0,0.0,0.0,0.0,0.0,0.0,0.0,0.0,0.0,0.0,0.0,0.0
R_DN50_30_Q1,DIS,1,0.0,0.0,0.0,0.0,0.0,0.0,0.0,0.0,0.0,0.0,0.0,0.0,0.0,0.0,0.0,0.0,0.0,0.0,0.0,0.0,0.0,0.0,0.0,0.0,0.0,0.0,0.0,0.0,0.0,0.0,6.958311830780168e-05,6.882146133039826e-05,6.811929302352873e-05,6.747491845046195e-05,6.68867900928774e-05,0.000114704606298,0.0001137843371774,0.0001129861060494,0.0001123073251352,0.0001117457885096,0.0001953200413407,0.0001943434411339,0.0001933717239283,0.0001924048653086,0.0001914428409821,0.0003396497740919,0.0003379515252214,0.0003362617675953,0.0003345804587573,0.0003329075564635,0.0005943929192755,0.0005914209546791,0.0005884638499057,0.0005855215306562,0.0005825939230029,0.0010400771273096,0.0010348767416731,0.0010297023579647,0.0010245538461749,0.001019431076944,0.0018064181226898,0.0017973860320763,0.001788399101916,0.0017794571064064,0.0017705598208743,0.0030938417345349,0.0030783725258622,0.0030629806632329,0.0030476657599167,0.0030324274311171,0.0051982187457569,0.0051722276520281,0.0051463665137679,0.0051206346811991,0.0050950315077931,0.0085639506545264,0.0085211309012538,0.0084785252467475,0.0084361326205138,0.0083939519574112,0.0139145809378573,0.013845008033168,0.0137757829930022,0.0137069040780372,0.013638369557647,0.0224520365745546,0.0223397763916818,0.0222280775097234,0.0221169371221748,0.0220063524365639,0.0,0.0,0.0,0.0,0.0,0.0,0.0,0.0,0.0,0.0,0.0,0.0,0.0,0.0,0.0,0.0,0.0,0.0,0.0,0.0,0.0,0.0,0.0,0.0,0.0,0.0,0.0,0.0,0.0,0.0,0.0
R_DN50_30_Q1,DIS,2,0.0,0.0,0.0,0.0,0.0,0.0,0.0,0.0,0.0,0.0,0.0,0.0,0.0,0.0,0.0,0.0,0.0,0.0,0.0,0.0,0.0,0.0,0.0,0.0,0.0,0.0,0.0,0.0,0.0,0.0,8.212759967076772e-05,8.147487643793792e-05,8.085736098788837e-05,8.027431844243968e-05,7.97250578695404e-05,0.0001408563306378,0.0001399086449572,0.000139047924134,0.000138272591498,0.0001375812285405,0.0002392918648285,0.0002380954055044,0.0002369049284769,0.0002357204038345,0.0002345418018153,0.0003984004762525,0.0003964084738713,0.0003944264315019,0.0003924542993444,0.0003904920278477,0.0006425392197886,0.0006393265236897,0.0006361298910712,0.0006329492416159,0.0006297844954078,0.0010038960372745,0.0009988765570881,0.0009938821743027,0.0009889127634312,0.000983968199614,0.0015225598977834,0.0015149470982945,0.001507372362803,0.001499835500989,0.0014923363234841,0.0022542719745844,0.0022430006147115,0.002231785611638,0.0022206266835798,0.0022095235501619,0.003276972183901,0.0032605873229815,0.0032442843863666,0.0032280629644348,0.0032119226496126,0.0047041578058872,0.0046806370168578,0.0046572338317735,0.0046339476626146,0.0046107779243015,0.0067072589045374,0.0066737226100147,0.0066403539969647,0.0066071522269798,0.0065741164658449,0.0095407310232351,0.0094930273681189,0.0094455622312783,0.0093983344201219,0.0093513427480213,0.0,0.0,0.0,0.0,0.0,0.0,0.0,0.0,0.0,0.0,0.0,0.0,0.0,0.0,0.0,0.0,0.0,0.0,0.0,0.0,0.0,0.0,0.0,0.0,0.0,0.0,0.0,0.0,0.0,0.0,0.0
R_DN50_30_Q2,DIS,1,0.0,0.0,0.0,0.0,0.0,0.0,0.0,0.0,0.0,0.0,0.0,0.0,0.0,0.0,0.0,0.0,0.0,0.0,0.0,0.0,0.0,0.0,0.0,0.0,0.0,0.0,0.0,0.0,0.0,0.0,4.906150197566286e-05,4.848988387732072e-05,4.796523932188629e-05,4.748614865865856e-05,4.705132239534564e-05,8.141663290586706e-05,8.090579359390908e-05,8.043252786500711e-05,7.999619788615384e-05,7.959621689672308e-05,0.0001375275742296,0.0001368399363584,0.0001361557366767,0.0001354749579933,0.0001347975832033,0.0002309618874983,0.0002298070780608,0.0002286580426705,0.0002275147524572,0.0002263771786949,0.0003842590260695,0.0003823377309391,0.0003804260422844,0.000378523912073,0.0003766312925127,0.0006327564652113,0.0006295926828852,0.0006264447194708,0.0006233124958734,0.000620195933394,0.0010297906036224,0.0010246416506043,0.0010195184423513,0.0010144208501395,0.0010093487458888,0.0016601941648423,0.0016518931940181,0.001643633728048,0.0016354155594077,0.0016272384816107,0.0026612191433207,0.0026479130476041,0.0026346734823661,0.0026215001149542,0.0026083926143795,0.004261562604348,0.0042402547913263,0.0042190535173696,0.0041979582497828,0.0041769684585339,0.0068488221550389,0.0068145780442637,0.0067805051540424,0.0067466026282722,0.0067128696151308,0.0110294270963226,0.010974279960841,0.0109194085610368,0.0108648115182316,0.0108104874606405,0.0,0.0,0.0,0.0,0.0,0.0,0.0,0.0,0.0,0.0,0.0,0.0,0.0,0.0,0.0,0.0,0.0,0.0,0.0,0.0,0.0,0.0,0.0,0.0,0.0,0.0,0.0,0.0,0.0,0.0,0.0
R_DN50_30_Q2,DIS,2,0.0,0.0,0.0,0.0,0.0,0.0,0.0,0.0,0.0,0.0,0.0,0.0,0.0,0.0,0.0,0.0,0.0,0.0,0.0,0.0,0.0,0.0,0.0,0.0,0.0,0.0,0.0,0.0,0.0,0.0,1.818002147387605e-05,1.849383672845568e-05,1.8761606247315528e-05,1.898104496914404e-05,1.9150231858267223e-05,2.9143687918630617e-05,2.919009396865836e-05,2.9172430440888022e-05,2.909067294518308e-05,2.894521958045716e-05,4.401479999364801e-05,4.3794725993679766e-05,4.3575752363711366e-05,4.335787360189281e-05,4.314108423388334e-05,6.698744808750761e-05,6.665251084707007e-05,6.631924829283472e-05,6.598765205137054e-05,6.565771379111368e-05,0.0001054375607176,0.000104910372914,0.0001043858210494,0.0001038638919442,0.0001033445724844,0.0001706975597113,0.0001698440719127,0.0001689948515532,0.0001681498772954,0.0001673091279089,0.0002841709262535,0.0002827500716222,0.0002813363212641,0.0002799296396578,0.0002785299914595,0.0004888224775635,0.0004863783651757,0.0004839464733498,0.0004815267409831,0.0004791191072782,0.0008653539182895,0.000861027148698,0.0008567220129545,0.0008524384028898,0.0008481762108753,0.0015684974095147,0.0015606549224671,0.0015528516478548,0.0015450873896155,0.0015373619526674,0.0028947270756082,0.0028802534402301,0.002865852173029,0.0028515229121638,0.002837265297603,0.0053834864632667,0.0053565690309504,0.0053297861857956,0.0053031372548667,0.0052766215685923,0.0,0.0,0.0,0.0,0.0,0.0,0.0,0.0,0.0,0.0,0.0,0.0,0.0,0.0,0.0,0.0,0.0,0.0,0.0,0.0,0.0,0.0,0.0,0.0,0.0,0.0,0.0,0.0,0.0,0.0,0.0
R_DN50_30_Q3,DIS,1,0.0,0.0,0.0,0.0,0.0,0.0,0.0,0.0,0.0,0.0,0.0,0.0,0.0,0.0,0.0,0.0,0.0,0.0,0.0,0.0,0.0,0.0,0.0,0.0,0.0,0.0,0.0,0.0,0.0,0.0,1.9651570769867092e-05,1.94217712369014e-05,1.92109093440714e-05,1.901841077887799e-05,1.884375403912226e-05,3.802889278032112e-05,3.783868944197723e-05,3.7649456941448056e-05,3.746119022773463e-05,3.727388427659595e-05,7.15392272678697e-05,7.118153113153035e-05,7.082562347587271e-05,7.047149535849334e-05,7.011913788170087e-05,0.0001259844556436,0.0001253545333654,0.0001247277606986,0.0001241041218951,0.0001234836012856,0.0002107366702281,0.000209682986877,0.0002086345719426,0.0002075913990829,0.0002065534420875,0.0003394979997233,0.0003378005097247,0.0003361115071761,0.0003344309496402,0.000332758794892,0.0005323935955463,0.0005297316275685,0.0005270829694307,0.0005244475545835,0.0005218253168106,0.0008214940766882,0.0008173866063047,0.0008132996732732,0.0008092331749068,0.0008051870090323,0.0012557837788387,0.0012495048599445,0.0012432573356448,0.0012370410489666,0.0012308558437217,0.0019097540981156,0.001900205327625,0.0018907043009869,0.001881250779482,0.0018718445255846,0.0029035014848027,0.0028889839773787,0.0028745390574918,0.0028601663622044,0.0028458655303933,0.0044174658500331,0.0043953785207829,0.004373401628179,0.0043515346200381,0.0043297769469379,0.0,0.0,0.0,0.0,0.0,0.0,0.0,0.0,0.0,0.0,0.0,0.0,0.0,0.0,0.0,0.0,0.0,0.0,0.0,0.0,0.0,0.0,0.0,0.0,0.0,0.0,0.0,0.0,0.0,0.0,0.0
R_DN50_30_Q3,DIS,2,0.0,0.0,0.0,0.0,0.0,0.0,0.0,0.0,0.0,0.0,0.0,0.0,0.0,0.0,0.0,0.0,0.0,0.0,0.0,0.0,0.0,0.0,0.0,0.0,0.0,0.0,0.0,0.0,0.0,0.0,1.0584045983896113e-05,1.053665250552939e-05,1.0488783496274912e-05,1.0440447334506436e-05,1.0391652452557067e-05,1.8511463859891747e-05,1.8416022489964204e-05,1.83220295901508e-05,1.822946792982286e-05,1.813832059017375e-05,3.156466086564831e-05,3.140683756132007e-05,3.1249803373513464e-05,3.10935543566459e-05,3.0938086584862667e-05,5.266299180340955e-05,5.23996768443925e-05,5.213767846017054e-05,5.1876990067869685e-05,5.161760511753034e-05,8.566760505328866e-05,8.523926702802221e-05,8.48130706928821e-05,8.438900533941769e-05,8.39670603127206e-05,0.0001365939559721,0.0001359109861922,0.0001352314312613,0.000134555274105,0.0001338824977344,0.0002156617572793,0.0002145834484929,0.0002135105312504,0.0002124429785941,0.0002113807637012,0.0003424246247567,0.0003407125016329,0.0003390089391247,0.0003373138944291,0.000335627324957,0.0005505452740142,0.0005477925476441,0.0005450535849059,0.0005423283169814,0.0005396166753965,0.0008952045162574,0.0008907284936761,0.0008862748512077,0.0008818434769517,0.0008774342595669,0.0014707888626264,0.0014634349183132,0.0014561177437217,0.0014488371550031,0.001441592969228,0.0024283591238891,0.0024162173282696,0.0024041362416283,0.0023921155604202,0.0023801549826181,0.0,0.0,0.0,0.0,0.0,0.0,0.0,0.0,0.0,0.0,0.0,0.0,0.0,0.0,0.0,0.0,0.0,0.0,0.0,0.0,0.0,0.0,0.0,0.0,0.0,0.0,0.0,0.0,0.0,0.0,0.0
R_DN50_40_LIV,DECR,1,0.0,0.0,0.0,0.0,0.0,0.0,0.0,0.0,0.0,0.0,0.0,0.0,0.0,0.0,0.0,0.0,0.0,0.0,0.0,0.0,0.0,0.0,0.0,0.0,0.0,0.0,0.0,0.0,0.0,0.0,0.0,0.0,0.0,0.0,0.0,0.0,0.0,0.0,0.0,0.0,0.03176148281071953,0.03175498629865547,0.031747425633179414,0.03173879939369952,0.03172911155103651,0.0326820886312775,0.0326639088914937,0.0326442114852701,0.0326230303672962,0.0326004074236497,0.0341174855421367,0.03408256332023,0.0340479590573747,0.0340136697302963,0.0339796923451712,0.0364259529106733,0.036372272238461095,0.0363190754786866,0.0362663580566968,0.0362141154422629,0.0401715957996788,0.0400875886338289,0.0400043329956768,0.0399218218126653,0.0398400480807493,0.046248301370189995,0.0461151289999009,0.0459831418000976,0.0458523286518412,0.045722678543718795,0.0560653681031085,0.0558526332769816,0.055641786204841295,0.0554328092071193,0.0552256847750528,0.0718615512472994,0.07152039925290399,0.071182271460862,0.0708471395657378,0.0705149755354677,0.0973254398234302,0.09677660269202759,0.0962326318456048,0.0956934817317439,0.0951591072379985,0.1383170365315747,0.137433101398368,0.1365570094403327,0.1356886872065981,0.1348280619558975,0.0,0.0,0.0,0.0,0.0,0.0,0.0,0.0,0.0,0.0,0.0,0.0,0.0,0.0,0.0,0.0,0.0,0.0,0.0,0.0,0.0,0.0,0.0,0.0,0.0,0.0,0.0,0.0,0.0,0.0,0.0
R_DN50_40_LIV,DECR,2,0.0,0.0,0.0,0.0,0.0,0.0,0.0,0.0,0.0,0.0,0.0,0.0,0.0,0.0,0.0,0.0,0.0,0.0,0.0,0.0,0.0,0.0,0.0,0.0,0.0,0.0,0.0,0.0,0.0,0.0,0.0,0.0,0.0,0.0,0.0,0.0,0.0,0.0,0.0,0.0,0.031085350502503058,0.03108491473686259,0.031083417456143767,0.03108084570051766,0.03107719301227719,0.031613807435170345,0.031603998084080494,0.03159305698811918,0.03158100795100755,0.03156788062570813,0.032380315148225786,0.03236089447758805,0.03234164610125243,0.03232256840583795,0.03230365979354979,0.0335448986357837,0.0335163425817527,0.0334880376236007,0.0334599814226916,0.033432171662915,0.0353418522803636,0.0352990655052227,0.0352566534390948,0.035214612600683697,0.0351729395421767,0.038160799252894,0.0380954118797133,0.0380305972771678,0.0379663501230663,0.037902665146412495,0.0426559251936457,0.042554036435829196,0.0424530432131202,0.04235293718693,0.042253710098972094,0.049928696686916796,0.0497670912644981,0.0496069134885812,0.0494481500247397,0.0492907876671815,0.0618560990519369,0.0615957478022672,0.0613377090163899,0.0610819610249107,0.060828482367852696,0.0814454193491331,0.0810221879071117,0.0806027326657531,0.0801870181436195,0.0797750092026847,0.0,0.0,0.0,0.0,0.0,0.0,0.0,0.0,0.0,0.0,0.0,0.0,0.0,0.0,0.0,0.0,0.0,0.0,0.0,0.0,0.0,0.0,0.0,0.0,0.0,0.0,0.0,0.0,0.0,0.0,0.0
R_DN50_40_Q1,DIS,1,0.0,0.0,0.0,0.0,0.0,0.0,0.0,0.0,0.0,0.0,0.0,0.0,0.0,0.0,0.0,0.0,0.0,0.0,0.0,0.0,0.0,0.0,0.0,0.0,0.0,0.0,0.0,0.0,0.0,0.0,0.0,0.0,0.0,0.0,0.0,0.0,0.0,0.0,0.0,0.0,0.000214681399919,0.0002115082079479,0.0002086405122464,0.0002060667851071,0.0002037767474454,0.0003601165896484,0.0003568157835654,0.0003540407231919,0.0003517788824239,0.0003500199880118,0.0006249464706936,0.0006218217383401,0.0006187126296484,0.0006156190665002,0.0006125409711677,0.0010935401632199,0.0010880724624038,0.0010826321000917,0.0010772189395913,0.0010718328448933,0.0018992733489288,0.0018897769821841,0.0018803280972732,0.0018709264567868,0.0018615718245029,0.0032528743364554,0.0032366099647731,0.0032204269149493,0.0032043247803745,0.0031883031564726,0.0054654225407222,0.0054380954280186,0.0054109049508785,0.0053838504261241,0.0053569311739935,0.0090041630093168,0.0089591421942703,0.0089143464832989,0.0088697747508824,0.008825425877128,0.0146298314907477,0.014556682333294,0.0144838989216275,0.0144114794270194,0.0143394220298843,0.0236061375600736,0.0234881068722732,0.0233706663379119,0.0232538130062223,0.0231375439411912,0.0,0.0,0.0,0.0,0.0,0.0,0.0,0.0,0.0,0.0,0.0,0.0,0.0,0.0,0.0,0.0,0.0,0.0,0.0,0.0,0.0,0.0,0.0,0.0,0.0,0.0,0.0,0.0,0.0,0.0,0.0
R_DN50_40_Q1,DIS,2,0.0,0.0,0.0,0.0,0.0,0.0,0.0,0.0,0.0,0.0,0.0,0.0,0.0,0.0,0.0,0.0,0.0,0.0,0.0,0.0,0.0,0.0,0.0,0.0,0.0,0.0,0.0,0.0,0.0,0.0,0.0,0.0,0.0,0.0,0.0,0.0,0.0,0.0,0.0,0.0,0.000257683297857,0.0002550344563704,0.000252581148579,0.0002503181264785,0.0002482405727371,0.0004204835544205,0.0004175821562621,0.0004149652672778,0.0004126276093308,0.0004105644712842,0.0006755676332393,0.0006721897950731,0.0006688288460977,0.0006654847018672,0.0006621572783579,0.0010554992583066,0.001050221762015,0.001044970653205,0.0010397457999389,0.0010345470709392,0.0016008239729692,0.0015928198531043,0.0015848557538388,0.0015769314750696,0.0015690468176942,0.0023701482114174,0.0023582974703603,0.0023465059830085,0.0023347734530935,0.002323099585828,0.0034454182317417,0.003428191140583,0.0034110501848801,0.0033939949339557,0.0033770249592859,0.0049459654094773,0.00492123558243,0.0048966294045178,0.0048721462574952,0.0048477855262077,0.0070520318201771,0.0070167716610762,0.0069816878027708,0.006946779363757,0.0069120454669382,0.010031152773615,0.009980997009747,0.0099310920246982,0.0098814365645747,0.0098320293817519,0.0,0.0,0.0,0.0,0.0,0.0,0.0,0.0,0.0,0.0,0.0,0.0,0.0,0.0,0.0,0.0,0.0,0.0,0.0,0.0,0.0,0.0,0.0,0.0,0.0,0.0,0.0,0.0,0.0,0.0,0.0
R_DN50_40_Q2,DIS,1,0.0,0.0,0.0,0.0,0.0,0.0,0.0,0.0,0.0,0.0,0.0,0.0,0.0,0.0,0.0,0.0,0.0,0.0,0.0,0.0,0.0,0.0,0.0,0.0,0.0,0.0,0.0,0.0,0.0,0.0,0.0,0.0,0.0,0.0,0.0,0.0,0.0,0.0,0.0,0.0,0.0001450395775854,0.000144216372158,0.0001434100204314,0.0001426202905297,0.0001418469561048,0.0002425276264356,0.0002414673556237,0.0002403611529843,0.0002392096826324,0.0002380136342192,0.0004040110748072,0.0004019910194332,0.000399981064336,0.0003979811590143,0.0003959912532192,0.0006652820161861,0.0006619556061051,0.0006586458280746,0.0006553525989342,0.0006520758359396,0.0010827248818369,0.0010773112574277,0.0010719247011405,0.0010665650776348,0.0010612322522467,0.0017455330478178,0.0017368053825787,0.0017281213556658,0.0017194807488875,0.001710883345143,0.0027980136664273,0.0027840235980952,0.0027701034801047,0.0027562529627042,0.0027424716978906,0.0044806195075023,0.0044582164099648,0.004435925327915,0.0044137457012754,0.004391676972769,0.0072008718398204,0.0071648674806213,0.0071290431432182,0.0070933979275021,0.0070579309378646,0.0115963722212919,0.0115383903601855,0.0114806984083845,0.0114232949163426,0.0113661784417609,0.0,0.0,0.0,0.0,0.0,0.0,0.0,0.0,0.0,0.0,0.0,0.0,0.0,0.0,0.0,0.0,0.0,0.0,0.0,0.0,0.0,0.0,0.0,0.0,0.0,0.0,0.0,0.0,0.0,0.0,0.0
R_DN50_40_Q2,DIS,2,0.0,0.0,0.0,0.0,0.0,0.0,0.0,0.0,0.0,0.0,0.0,0.0,0.0,0.0,0.0,0.0,0.0,0.0,0.0,0.0,0.0,0.0,0.0,0.0,0.0,0.0,0.0,0.0,0.0,0.0,0.0,0.0,0.0,0.0,0.0,0.0,0.0,0.0,0.0,0.0,4.363221432336515e-05,4.398450318807968e-05,4.4267754479686526e-05,4.448048497438943e-05,4.462154522003396e-05,6.995014173432144e-05,6.98390185962311e-05,6.964865582701847e-05,6.937961224222842e-05,6.903271418101729e-05,0.0001108573627177,0.0001103030759042,0.0001097515605246,0.000109202802722,0.0001086567887084,0.0001794719183863,0.0001785745587943,0.0001776816860004,0.0001767932775704,0.0001759093111825,0.0002987781510795,0.0002972842603241,0.0002957978390224,0.0002943188498273,0.0002928472555782,0.0005139493965059,0.0005113796495234,0.0005088227512758,0.0005062786375194,0.0005037472443318,0.0009098356652617,0.0009052864869354,0.0009007600545007,0.0008962562542282,0.0008917749729571,0.0016491228084665,0.0016408771944242,0.0016326728084521,0.0016245094444098,0.0016163868971878,0.0030435245960324,0.0030283069730523,0.003013165438187,0.0029980996109961,0.0029831091129411,0.0056602135660466,0.0056319124982164,0.0056037529357253,0.0055757341710467,0.0055478555001914,0.0,0.0,0.0,0.0,0.0,0.0,0.0,0.0,0.0,0.0,0.0,0.0,0.0,0.0,0.0,0.0,0.0,0.0,0.0,0.0,0.0,0.0,0.0,0.0,0.0,0.0,0.0,0.0,0.0,0.0,0.0
R_DN50_40_Q3,DIS,1,0.0,0.0,0.0,0.0,0.0,0.0,0.0,0.0,0.0,0.0,0.0,0.0,0.0,0.0,0.0,0.0,0.0,0.0,0.0,0.0,0.0,0.0,0.0,0.0,0.0,0.0,0.0,0.0,0.0,0.0,0.0,0.0,0.0,0.0,0.0,0.0,0.0,0.0,0.0,0.0,7.382009658962453e-05,7.375733582486926e-05,7.365636850931535e-05,7.351733187452387e-05,7.334042227811563e-05,0.0001319139883601,0.0001315259291434,0.0001310487741682,0.0001304834402661,0.0001298310230647,0.0002215691574276,0.0002204613116404,0.0002193590050822,0.0002182622100568,0.0002171708990065,0.0003569491995181,0.0003551644535205,0.0003533886312529,0.0003516216880966,0.0003498635796561,0.0005597601986276,0.0005569613976345,0.0005541765906463,0.0005514057076931,0.0005486486791546,0.0008637212982747,0.0008594026917834,0.0008551056783245,0.0008508301499328,0.0008465759991832,0.0013203347736647,0.0013137330997964,0.0013071644342974,0.0013006286121259,0.0012941254690653,0.0020079210986643,0.001997881493171,0.0019878920857052,0.0019779526252766,0.0019680628621503,0.0030527500357723,0.0030374862855934,0.0030222988541654,0.0030071873598946,0.0029921514230951,0.0046445366404307,0.0046213139572286,0.0045982073874424,0.0045752163505052,0.0045523402687527,0.0,0.0,0.0,0.0,0.0,0.0,0.0,0.0,0.0,0.0,0.0,0.0,0.0,0.0,0.0,0.0,0.0,0.0,0.0,0.0,0.0,0.0,0.0,0.0,0.0,0.0,0.0,0.0,0.0,0.0,0.0
R_DN50_40_Q3,DIS,2,0.0,0.0,0.0,0.0,0.0,0.0,0.0,0.0,0.0,0.0,0.0,0.0,0.0,0.0,0.0,0.0,0.0,0.0,0.0,0.0,0.0,0.0,0.0,0.0,0.0,0.0,0.0,0.0,0.0,0.0,0.0,0.0,0.0,0.0,0.0,0.0,0.0,0.0,0.0,0.0,3.339880724459326e-05,3.3184894150811247e-05,3.297817844898323e-05,3.277854144197045e-05,3.2585868921956306e-05,5.543262365032333e-05,5.5124307004463466e-05,5.482803196846331e-05,5.454362056102252e-05,5.4270902458217416e-05,9.007117294748614e-05,8.962081708274871e-05,8.917271299733497e-05,8.872684943234829e-05,8.828321518518655e-05,0.0001436152886997,0.0001428972122562,0.000142182726195,0.000141471812564,0.0001407644535012,0.0002267474084979,0.0002256136714555,0.0002244856030982,0.0002233631750827,0.0002222463592073,0.0003600262617211,0.0003582261304125,0.0003564349997605,0.0003546528247617,0.0003528795606379,0.0005788449269745,0.0005759507023397,0.000573070948828,0.0005702055940838,0.0005673545661134,0.0009412206721203,0.0009365145687597,0.0009318319959159,0.0009271728359363,0.0009225369717566,0.0015463917537143,0.0015386597949457,0.001530966495971,0.0015233116634911,0.0015156951051736,0.0025531839543123,0.0025404180345407,0.002527715944368,0.0025150773646462,0.002502501977823,0.0,0.0,0.0,0.0,0.0,0.0,0.0,0.0,0.0,0.0,0.0,0.0,0.0,0.0,0.0,0.0,0.0,0.0,0.0,0.0,0.0,0.0,0.0,0.0,0.0,0.0,0.0,0.0,0.0,0.0,0.0
R_DN50_50_LIV,DECR,1,0.0,0.0,0.0,0.0,0.0,0.0,0.0,0.0,0.0,0.0,0.0,0.0,0.0,0.0,0.0,0.0,0.0,0.0,0.0,0.0,0.0,0.0,0.0,0.0,0.0,0.0,0.0,0.0,0.0,0.0,0.0,0.0,0.0,0.0,0.0,0.0,0.0,0.0,0.0,0.0,0.0,0.0,0.0,0.0,0.0,0.0,0.0,0.0,0.0,0.0,0.0343896938994063,0.034372759096887896,0.0343534929839782,0.0343318630390397,0.0343078540272987,0.0369645623469634,0.0369187985731764,0.036869140427391096,0.036815660970610196,0.036758460995471795,0.0410546078138816,0.0409626808121039,0.0408715799849622,0.040781297536187,0.0406918257451441,0.0476477346667529,0.04750207461713,0.0473577170815181,0.0472146498052095,0.0470728606521915,0.058300557909634995,0.0580679343560993,0.0578373851279711,0.0576088907415469,0.0573824319016628,0.0754458304893458,0.0750728175561249,0.0747031275253779,0.0743367292042143,0.073973591701492,0.1030918017952475,0.1024916964590723,0.1018969381128499,0.1013074765569979,0.10072326207757801,0.1476044433675875,0.1466378754453345,0.1456799258197469,0.144730513544771,0.14378955845762859,0.0,0.0,0.0,0.0,0.0,0.0,0.0,0.0,0.0,0.0,0.0,0.0,0.0,0.0,0.0,0.0,0.0,0.0,0.0,0.0,0.0,0.0,0.0,0.0,0.0,0.0,0.0,0.0,0.0,0.0,0.0
R_DN50_50_LIV,DECR,2,0.0,0.0,0.0,0.0,0.0,0.0,0.0,0.0,0.0,0.0,0.0,0.0,0.0,0.0,0.0,0.0,0.0,0.0,0.0,0.0,0.0,0.0,0.0,0.0,0.0,0.0,0.0,0.0,0.0,0.0,0.0,0.0,0.0,0.0,0.0,0.0,0.0,0.0,0.0,0.0,0.0,0.0,0.0,0.0,0.0,0.0,0.0,0.0,0.0,0.0,0.03252751043960124,0.032519092383061686,0.03250921789207611,0.0324978829249279,0.03248509097212654,0.0338308377561126,0.033806675548198196,0.0337803872712222,0.0337520229783115,0.0337216418318299,0.0357911195274508,0.0357443865830668,0.0356980650768719,0.035652151173941,0.0356066410763002,0.0388473838856212,0.0387759644538508,0.0387051739443624,0.0386350064942936,0.0385654562972787,0.0437259607249497,0.043614639748075,0.0435043022878173,0.0433949391574759,0.0432865412589753,0.0516262996080561,0.051449655099091995,0.051274578942782104,0.051101056446062,0.0509290730578454,0.0645917182818257,0.0643070029924423,0.0640248288464856,0.0637451719625686,0.06346800869046809,0.0858934831938284,0.08543046023218549,0.0849715879408076,0.0845168272107887,0.084066139312323,0.0,0.0,0.0,0.0,0.0,0.0,0.0,0.0,0.0,0.0,0.0,0.0,0.0,0.0,0.0,0.0,0.0,0.0,0.0,0.0,0.0,0.0,0.0,0.0,0.0,0.0,0.0,0.0,0.0,0.0,0.0
R_DN50_50_Q1,DIS,1,0.0,0.0,0.0,0.0,0.0,0.0,0.0,0.0,0.0,0.0,0.0,0.0,0.0,0.0,0.0,0.0,0.0,0.0,0.0,0.0,0.0,0.0,0.0,0.0,0.0,0.0,0.0,0.0,0.0,0.0,0.0,0.0,0.0,0.0,0.0,0.0,0.0,0.0,0.0,0.0,0.0,0.0,0.0,0.0,0.0,0.0,0.0,0.0,0.0,0.0,0.000694822211058,0.000682803113379,0.0006720415699764,0.0006624827409527,0.000654078281695,0.0011611082061554,0.0011496356602696,0.0011401468079962,0.0011325911743404,0.0011269282184687,0.0019969016080174,0.0019869170999773,0.0019769825144774,0.0019670976019051,0.0019572621138955,0.0034200816837714,0.0034029812753525,0.0033859663689758,0.0033690365371309,0.0033521913544452,0.0057463613998578,0.0057176295928585,0.0056890414448942,0.0056605962376697,0.0056322932564814,0.0094670035791832,0.0094196685612873,0.0093725702184808,0.0093257073673884,0.0092790788305515,0.015381848034342,0.0153049387941703,0.0152284141001995,0.0151522720296985,0.01507651066955,0.0248195627445513,0.0246954649308286,0.0245719876061744,0.0244491276681435,0.0243268820298028,0.0,0.0,0.0,0.0,0.0,0.0,0.0,0.0,0.0,0.0,0.0,0.0,0.0,0.0,0.0,0.0,0.0,0.0,0.0,0.0,0.0,0.0,0.0,0.0,0.0,0.0,0.0,0.0,0.0,0.0,0.0
R_DN50_50_Q1,DIS,2,0.0,0.0,0.0,0.0,0.0,0.0,0.0,0.0,0.0,0.0,0.0,0.0,0.0,0.0,0.0,0.0,0.0,0.0,0.0,0.0,0.0,0.0,0.0,0.0,0.0,0.0,0.0,0.0,0.0,0.0,0.0,0.0,0.0,0.0,0.0,0.0,0.0,0.0,0.0,0.0,0.0,0.0,0.0,0.0,0.0,0.0,0.0,0.0,0.0,0.0,0.0007249220584598,0.0007180351368971,0.0007116175574514,0.0007056576411323,0.0007001445922471,0.0011127443088631,0.0011056922022775,0.0010991777730786,0.0010931918046439,0.0010877258456206,0.0016831110527497,0.001674695497486,0.0016663220199985,0.0016579904098985,0.001649700457849,0.0024919808290305,0.0024795209248854,0.002467123320261,0.0024547877036596,0.0024425137651413,0.003622522903898,0.0036044102893785,0.0035863882379317,0.003568456296742,0.0035506140152583,0.0052002026380008,0.0051742016248107,0.0051483306166867,0.0051225889636033,0.0050969760187852,0.0074145270818676,0.0073774544464583,0.007340567174226,0.0073038643383549,0.0072673450166631,0.0105467836502831,0.0104940497320317,0.0104415794833715,0.0103893715859547,0.0103374247280249,0.0,0.0,0.0,0.0,0.0,0.0,0.0,0.0,0.0,0.0,0.0,0.0,0.0,0.0,0.0,0.0,0.0,0.0,0.0,0.0,0.0,0.0,0.0,0.0,0.0,0.0,0.0,0.0,0.0,0.0,0.0
R_DN50_50_Q2,DIS,1,0.0,0.0,0.0,0.0,0.0,0.0,0.0,0.0,0.0,0.0,0.0,0.0,0.0,0.0,0.0,0.0,0.0,0.0,0.0,0.0,0.0,0.0,0.0,0.0,0.0,0.0,0.0,0.0,0.0,0.0,0.0,0.0,0.0,0.0,0.0,0.0,0.0,0.0,0.0,0.0,0.0,0.0,0.0,0.0,0.0,0.0,0.0,0.0,0.0,0.0,0.0004171861512277,0.0004167662297119,0.0004161386893325,0.0004153043655813,0.0004142644027759,0.0006961327037762,0.0006943146198758,0.0006919485384253,0.0006890396579135,0.000685594459624,0.0011383801382776,0.0011326882375862,0.0011270247963983,0.0011213896724163,0.0011157827240542,0.0018352586014019,0.0018260823083949,0.0018169518968529,0.0018078671373686,0.0017988278016818,0.0029418398320046,0.0029271306328446,0.0029124949796804,0.002897932504782,0.002883442842258,0.0047109365823999,0.0046873818994879,0.0046639449899904,0.0046406252650405,0.0046174221387153,0.0075710179180765,0.0075331628284861,0.0074954970143437,0.007458019529272,0.0074207294316256,0.0121924599999929,0.0121314976999929,0.0120708402114929,0.0120104860104355,0.0119504335803833,0.0,0.0,0.0,0.0,0.0,0.0,0.0,0.0,0.0,0.0,0.0,0.0,0.0,0.0,0.0,0.0,0.0,0.0,0.0,0.0,0.0,0.0,0.0,0.0,0.0,0.0,0.0,0.0,0.0,0.0,0.0
R_DN50_50_Q2,DIS,2,0.0,0.0,0.0,0.0,0.0,0.0,0.0,0.0,0.0,0.0,0.0,0.0,0.0,0.0,0.0,0.0,0.0,0.0,0.0,0.0,0.0,0.0,0.0,0.0,0.0,0.0,0.0,0.0,0.0,0.0,0.0,0.0,0.0,0.0,0.0,0.0,0.0,0.0,0.0,0.0,0.0,0.0,0.0,0.0,0.0,0.0,0.0,0.0,0.0,0.0,0.000113011420072,0.0001132198950683,0.0001133318847623,0.0001133470195305,0.000113265177672,0.0001879670016114,0.000187390062085,0.0001866942995229,0.0001858809741452,0.0001849515692745,0.0003141362303997,0.0003125655492477,0.0003110027215014,0.0003094477078939,0.0003079004693545,0.000540367913287,0.0005376660737206,0.000534977743352,0.0005323028546352,0.000529641340362,0.0009566039053923,0.0009518208858653,0.000947061781436,0.0009423264725288,0.0009376148401662,0.0017338925910283,0.0017252231280731,0.0017165970124327,0.0017080140273706,0.0016994739572337,0.0031999707484369,0.0031839708946947,0.0031680510402212,0.0031522107850201,0.003136449731095,0.0059511652591427,0.005921409432847,0.0058918023856828,0.0058623433737544,0.0058330316568856,0.0,0.0,0.0,0.0,0.0,0.0,0.0,0.0,0.0,0.0,0.0,0.0,0.0,0.0,0.0,0.0,0.0,0.0,0.0,0.0,0.0,0.0,0.0,0.0,0.0,0.0,0.0,0.0,0.0,0.0,0.0
R_DN50_50_Q3,DIS,1,0.0,0.0,0.0,0.0,0.0,0.0,0.0,0.0,0.0,0.0,0.0,0.0,0.0,0.0,0.0,0.0,0.0,0.0,0.0,0.0,0.0,0.0,0.0,0.0,0.0,0.0,0.0,0.0,0.0,0.0,0.0,0.0,0.0,0.0,0.0,0.0,0.0,0.0,0.0,0.0,0.0,0.0,0.0,0.0,0.0,0.0,0.0,0.0,0.0,0.0,0.0002271669719408,0.0002272981574427,0.0002272709496964,0.0002270852951699,0.0002267414717007,0.0003738487132248,0.0003726993607808,0.0003713143159131,0.0003696960812776,0.0003678476008712,0.0005885335259267,0.0005855908582971,0.0005826629040056,0.0005797495894855,0.0005768508415381,0.0009081191237568,0.000903578528138,0.0008990606354973,0.0008945653323198,0.0008900925056582,0.0013882038802574,0.0013812628608561,0.0013743565465518,0.001367484763819,0.0013606473399999,0.0021111341729491,0.0021005785020843,0.0020900756095739,0.002079625231526,0.0020692271053684,0.003209670403024,0.0031936220510089,0.0031776539407538,0.00316176567105,0.0031459568426948,0.0048832795400426,0.0048588631423423,0.0048345688266306,0.0048103959824975,0.004786344002585,0.0,0.0,0.0,0.0,0.0,0.0,0.0,0.0,0.0,0.0,0.0,0.0,0.0,0.0,0.0,0.0,0.0,0.0,0.0,0.0,0.0,0.0,0.0,0.0,0.0,0.0,0.0,0.0,0.0,0.0,0.0
R_DN50_50_Q3,DIS,2,0.0,0.0,0.0,0.0,0.0,0.0,0.0,0.0,0.0,0.0,0.0,0.0,0.0,0.0,0.0,0.0,0.0,0.0,0.0,0.0,0.0,0.0,0.0,0.0,0.0,0.0,0.0,0.0,0.0,0.0,0.0,0.0,0.0,0.0,0.0,0.0,0.0,0.0,0.0,0.0,0.0,0.0,0.0,0.0,0.0,0.0,0.0,0.0,0.0,0.0,9.521104756664326e-05,9.462198137868986e-05,9.40505986846067e-05,9.349662052649668e-05,9.295977741924308e-05,0.0001510979418426,0.0001502924914072,0.0001495078993481,0.0001487438815258,0.0001480001621182,0.0002384028949275,0.0002372108804529,0.0002360248260506,0.0002348447019204,0.0002336704784108,0.0003785326748069,0.0003766400114329,0.0003747568113757,0.0003728830273188,0.0003710186121822,0.0006085992656719,0.0006055562693435,0.0006025284879968,0.0005995158455568,0.000596518266329,0.0009896021942899,0.0009846541833185,0.0009797309124019,0.0009748322578399,0.0009699580965507,0.0016258808566753,0.0016177514523919,0.00160966269513,0.0016016143816543,0.0015936063097461,0.0026844251496533,0.002671003023905,0.0026576480087855,0.0026443597687415,0.0026311379698978,0.0,0.0,0.0,0.0,0.0,0.0,0.0,0.0,0.0,0.0,0.0,0.0,0.0,0.0,0.0,0.0,0.0,0.0,0.0,0.0,0.0,0.0,0.0,0.0,0.0,0.0,0.0,0.0,0.0,0.0,0.0
R_DN50_60_LIV,DECR,1,0.0,0.0,0.0,0.0,0.0,0.0,0.0,0.0,0.0,0.0,0.0,0.0,0.0,0.0,0.0,0.0,0.0,0.0,0.0,0.0,0.0,0.0,0.0,0.0,0.0,0.0,0.0,0.0,0.0,0.0,0.0,0.0,0.0,0.0,0.0,0.0,0.0,0.0,0.0,0.0,0.0,0.0,0.0,0.0,0.0,0.0,0.0,0.0,0.0,0.0,0.0,0.0,0.0,0.0,0.0,0.0,0.0,0.0,0.0,0.0,0.0417407323918588,0.0417025247558634,0.0416575814548293,0.0416057276308972,0.0415468512005408,0.049092360685595096,0.0489764551534242,0.048847222064855894,0.0487048802781726,0.0485497492776113,0.0607453063684051,0.0604908251151842,0.0602386238154432,0.0599886809939424,0.0597409753835736,0.0793658037332171,0.0789577776001869,0.0785534035689654,0.0781526472593323,0.0777554746241652,0.1093983405495397,0.10874189398398221,0.1080913241998806,0.1074465758678413,0.1068075941945727,0.1577625128910527,0.1567051319848804,0.1556572236666562,0.154618698716606,0.15358946877962332,0.0,0.0,0.0,0.0,0.0,0.0,0.0,0.0,0.0,0.0,0.0,0.0,0.0,0.0,0.0,0.0,0.0,0.0,0.0,0.0,0.0,0.0,0.0,0.0,0.0,0.0,0.0,0.0,0.0,0.0,0.0
R_DN50_60_LIV,DECR,2,0.0,0.0,0.0,0.0,0.0,0.0,0.0,0.0,0.0,0.0,0.0,0.0,0.0,0.0,0.0,0.0,0.0,0.0,0.0,0.0,0.0,0.0,0.0,0.0,0.0,0.0,0.0,0.0,0.0,0.0,0.0,0.0,0.0,0.0,0.0,0.0,0.0,0.0,0.0,0.0,0.0,0.0,0.0,0.0,0.0,0.0,0.0,0.0,0.0,0.0,0.0,0.0,0.0,0.0,0.0,0.0,0.0,0.0,0.0,0.0,0.036134347591079696,0.0361166175633086,0.0360950269087923,0.0360695806863788,0.0360403004600069,0.0395537494342285,0.039497751124553795,0.0394349293767124,0.0393654343379736,0.039289443425347,0.0448953501343101,0.0447736685855452,0.0446530674925052,0.0445335367324314,0.0444150662803842,0.0534823409459801,0.0532891725308763,0.0530977275249519,0.0529079897354897,0.0527199431264934,0.0675840579180138,0.0672725651903331,0.0669638656506718,0.06665793297584591,0.0663547410978599,0.0907608823498008,0.09025411554997931,0.0897519122080376,0.0892542292104475,0.0887610238622109,0.0,0.0,0.0,0.0,0.0,0.0,0.0,0.0,0.0,0.0,0.0,0.0,0.0,0.0,0.0,0.0,0.0,0.0,0.0,0.0,0.0,0.0,0.0,0.0,0.0,0.0,0.0,0.0,0.0,0.0,0.0
R_DN50_60_Q1,DIS,1,0.0,0.0,0.0,0.0,0.0,0.0,0.0,0.0,0.0,0.0,0.0,0.0,0.0,0.0,0.0,0.0,0.0,0.0,0.0,0.0,0.0,0.0,0.0,0.0,0.0,0.0,0.0,0.0,0.0,0.0,0.0,0.0,0.0,0.0,0.0,0.0,0.0,0.0,0.0,0.0,0.0,0.0,0.0,0.0,0.0,0.0,0.0,0.0,0.0,0.0,0.0,0.0,0.0,0.0,0.0,0.0,0.0,0.0,0.0,0.0,0.002227761699031,0.0021875608566855,0.0021516526542071,0.0021198425200275,0.0020919594415461,0.003629388410429,0.0035945257714673,0.0035655163881057,0.003542214964613,0.00352450388979,0.0060417413460245,0.0060115326392944,0.0059814749760979,0.0059515676012174,0.0059218097632113,0.0099536355212062,0.0099038673436002,0.0098543480068822,0.0098050762668478,0.0097560508855135,0.0161725204491401,0.0160916578468944,0.0160111995576599,0.0159311435598716,0.0158514878420723,0.026095361567011,0.025964884759176,0.0258350603353801,0.0257058850337032,0.0255773556085347,0.0,0.0,0.0,0.0,0.0,0.0,0.0,0.0,0.0,0.0,0.0,0.0,0.0,0.0,0.0,0.0,0.0,0.0,0.0,0.0,0.0,0.0,0.0,0.0,0.0,0.0,0.0,0.0,0.0,0.0,0.0
R_DN50_60_Q1,DIS,2,0.0,0.0,0.0,0.0,0.0,0.0,0.0,0.0,0.0,0.0,0.0,0.0,0.0,0.0,0.0,0.0,0.0,0.0,0.0,0.0,0.0,0.0,0.0,0.0,0.0,0.0,0.0,0.0,0.0,0.0,0.0,0.0,0.0,0.0,0.0,0.0,0.0,0.0,0.0,0.0,0.0,0.0,0.0,0.0,0.0,0.0,0.0,0.0,0.0,0.0,0.0,0.0,0.0,0.0,0.0,0.0,0.0,0.0,0.0,0.0,0.001789965104681,0.0017764968287594,0.0017636904490131,0.0017515329032611,0.0017400118418064,0.0026229344751846,0.0026083972390736,0.0025944121332911,0.0025809710411322,0.0025680661859266,0.0038087312792306,0.0037896876228344,0.0037707391847202,0.0037518854887966,0.0037331260613526,0.0054675084108863,0.0054401708688318,0.0054129700144877,0.0053859051644153,0.0053589756385932,0.0077956556705338,0.0077566773921811,0.0077178940052202,0.0076793045351941,0.0076409080125181,0.0110889194767784,0.0110334748793945,0.0109783075049975,0.0109234159674725,0.0108687988876351,0.0,0.0,0.0,0.0,0.0,0.0,0.0,0.0,0.0,0.0,0.0,0.0,0.0,0.0,0.0,0.0,0.0,0.0,0.0,0.0,0.0,0.0,0.0,0.0,0.0,0.0,0.0,0.0,0.0,0.0,0.0
R_DN50_60_Q2,DIS,1,0.0,0.0,0.0,0.0,0.0,0.0,0.0,0.0,0.0,0.0,0.0,0.0,0.0,0.0,0.0,0.0,0.0,0.0,0.0,0.0,0.0,0.0,0.0,0.0,0.0,0.0,0.0,0.0,0.0,0.0,0.0,0.0,0.0,0.0,0.0,0.0,0.0,0.0,0.0,0.0,0.0,0.0,0.0,0.0,0.0,0.0,0.0,0.0,0.0,0.0,0.0,0.0,0.0,0.0,0.0,0.0,0.0,0.0,0.0,0.0,0.0011522857032603,0.0011562309852771,0.0011589722823088,0.0011604996989757,0.0011608071406089,0.0019152056498758,0.0019127726034227,0.001907964678717,0.0019007968472414,0.0018912928630051,0.0030930590872415,0.0030775937918053,0.0030622058228463,0.003046894793732,0.0030316603197634,0.0049530926351219,0.0049283271719463,0.0049036855360866,0.0048791671084062,0.0048547712728641,0.0079601905978742,0.0079203896448848,0.0078807876966604,0.0078413837581771,0.0078021768393862,0.0128191884508917,0.0127550925086372,0.012691317046094,0.0126278604608635,0.0125647211585592,0.0,0.0,0.0,0.0,0.0,0.0,0.0,0.0,0.0,0.0,0.0,0.0,0.0,0.0,0.0,0.0,0.0,0.0,0.0,0.0,0.0,0.0,0.0,0.0,0.0,0.0,0.0,0.0,0.0,0.0,0.0
R_DN50_60_Q2,DIS,2,0.0,0.0,0.0,0.0,0.0,0.0,0.0,0.0,0.0,0.0,0.0,0.0,0.0,0.0,0.0,0.0,0.0,0.0,0.0,0.0,0.0,0.0,0.0,0.0,0.0,0.0,0.0,0.0,0.0,0.0,0.0,0.0,0.0,0.0,0.0,0.0,0.0,0.0,0.0,0.0,0.0,0.0,0.0,0.0,0.0,0.0,0.0,0.0,0.0,0.0,0.0,0.0,0.0,0.0,0.0,0.0,0.0,0.0,0.0,0.0,0.0003252155311771,0.0003247028070395,0.0003240519414658,0.0003232637092938,0.0003223390604893,0.0005673384372186,0.0005649025474628,0.0005623440891051,0.0005596647933658,0.0005568664693989,0.001005776171182,0.0010007472903261,0.0009957435538745,0.0009907648361051,0.0009858110119246,0.0018230197907567,0.0018139046918029,0.0018048351683439,0.0017958109925021,0.0017868319375396,0.0033644586950933,0.0033476364016178,0.0033308982196097,0.0033142437285117,0.0032976725098691,0.0062570727285055,0.006225787364863,0.0061946584280387,0.0061636851358985,0.006132866710219,0.0,0.0,0.0,0.0,0.0,0.0,0.0,0.0,0.0,0.0,0.0,0.0,0.0,0.0,0.0,0.0,0.0,0.0,0.0,0.0,0.0,0.0,0.0,0.0,0.0,0.0,0.0,0.0,0.0,0.0,0.0
R_DN50_60_Q3,DIS,1,0.0,0.0,0.0,0.0,0.0,0.0,0.0,0.0,0.0,0.0,0.0,0.0,0.0,0.0,0.0,0.0,0.0,0.0,0.0,0.0,0.0,0.0,0.0,0.0,0.0,0.0,0.0,0.0,0.0,0.0,0.0,0.0,0.0,0.0,0.0,0.0,0.0,0.0,0.0,0.0,0.0,0.0,0.0,0.0,0.0,0.0,0.0,0.0,0.0,0.0,0.0,0.0,0.0,0.0,0.0,0.0,0.0,0.0,0.0,0.0,0.0006075995531865,0.0006070160067323,0.0006061265089706,0.0006049322520418,0.0006034348886044,0.0009531742853186,0.0009492163527396,0.0009450066603002,0.0009405486322406,0.0009358458890794,0.0014595616593607,0.0014522638510639,0.0014450025318086,0.0014377775191495,0.0014305886315538,0.002219652704062,0.0022085544405417,0.0021975116683389,0.0021865241099972,0.0021755914894473,0.0033746569405713,0.0033577836558684,0.0033409947375891,0.0033242897639011,0.0033076683150816,0.0051342945297525,0.0051086230571037,0.0050830799418182,0.0050576645421091,0.0050323762193985,0.0,0.0,0.0,0.0,0.0,0.0,0.0,0.0,0.0,0.0,0.0,0.0,0.0,0.0,0.0,0.0,0.0,0.0,0.0,0.0,0.0,0.0,0.0,0.0,0.0,0.0,0.0,0.0,0.0,0.0,0.0
R_DN50_60_Q3,DIS,2,0.0,0.0,0.0,0.0,0.0,0.0,0.0,0.0,0.0,0.0,0.0,0.0,0.0,0.0,0.0,0.0,0.0,0.0,0.0,0.0,0.0,0.0,0.0,0.0,0.0,0.0,0.0,0.0,0.0,0.0,0.0,0.0,0.0,0.0,0.0,0.0,0.0,0.0,0.0,0.0,0.0,0.0,0.0,0.0,0.0,0.0,0.0,0.0,0.0,0.0,0.0,0.0,0.0,0.0,0.0,0.0,0.0,0.0,0.0,0.0,0.000252073396319,0.000250499217245,0.0002489738503438,0.000247496516046,0.0002460664620741,0.0003986211876597,0.0003963140991449,0.0003941244184168,0.000392050316125,0.0003900900645444,0.0006398830652491,0.0006366836499228,0.0006335002316732,0.0006303327305148,0.0006271810668623,0.0010404706695799,0.001035268316232,0.0010300919746508,0.0010249415147775,0.0010198168072037,0.0017094559342766,0.0017009086546052,0.0016924041113322,0.0016839420907755,0.0016755223803217,0.0028224125300176,0.0028083004673675,0.0027942589650307,0.0027802876702055,0.0027663862318545,0.0,0.0,0.0,0.0,0.0,0.0,0.0,0.0,0.0,0.0,0.0,0.0,0.0,0.0,0.0,0.0,0.0,0.0,0.0,0.0,0.0,0.0,0.0,0.0,0.0,0.0,0.0,0.0,0.0,0.0,0.0
R_ESR_M_30_LIV,DECR,1,0.0,0.0,0.0,0.0,0.0,0.0,0.0,0.0,0.0,0.0,0.0,0.0,0.0,0.0,0.0,0.0,0.0,0.0,0.0,0.0,0.0,0.0,0.0,0.0,0.0,0.0,0.0,0.0,0.0,0.0,0.030807375330445388,0.030803333343720818,0.030798820868700096,0.030793841543310923,0.030788400523898727,0.031170916080788934,0.031161645343193836,0.03115164357487284,0.031140928170510087,0.03112951888880504,0.03171467479109016,0.031697528043179206,0.031680552762747435,0.03166374723511992,0.03164710976276883,0.032559234290057595,0.032533641947157,0.0325083055276856,0.0324832224724087,0.0324583902476845,0.0339029109308767,0.0338638818215678,0.0338252430033521,0.0337869905733186,0.0337491206675856,0.0360594537183642,0.0359988591811808,0.0359388705893689,0.0358794818834752,0.0358206870646405,0.0395240545660812,0.0394288140204203,0.0393345258802162,0.0392411806214139,0.0391487688151999,0.0450874331194205,0.0449365587882263,0.0447871932003441,0.0446393212683405,0.0444929280556572,0.0539836358530766,0.0537437994945458,0.0535063614996004,0.0532712978846043,0.0530385849057582,0.0681576105892515,0.0677760344833589,0.0673982741385254,0.0670242913971401,0.06665404848316869,0.0907962203959857,0.0901882581920259,0.08958637561010549,0.0889905118540046,0.0884006067354645,0.12692059878881878,0.12595139280093048,0.1249918788729212,0.1240419600841919,0.12310154048335009,0.0,0.0,0.0,0.0,0.0,0.0,0.0,0.0,0.0,0.0,0.0,0.0,0.0,0.0,0.0,0.0,0.0,0.0,0.0,0.0,0.0,0.0,0.0,0.0,0.0,0.0,0.0,0.0,0.0,0.0,0.0
R_ESR_M_30_LIV,DECR,2,0.0,0.0,0.0,0.0,0.0,0.0,0.0,0.0,0.0,0.0,0.0,0.0,0.0,0.0,0.0,0.0,0.0,0.0,0.0,0.0,0.0,0.0,0.0,0.0,0.0,0.0,0.0,0.0,0.0,0.0,0.030525388642699665,0.030529090752284722,0.030531723508623057,0.030533255635469835,0.03053366427792697,0.030765883019928136,0.030761804425299227,0.030756564535915926,0.03075018112501236,0.030742679313762143,0.03108397447173579,0.031073134727018382,0.031062403379748152,0.031051779345950704,0.031041261552491175,0.03155868725826351,0.03154310038568089,0.031527669381824,0.031512392688005854,0.03149726876112576,0.03227828122779938,0.0322554984155214,0.032232943431366186,0.03221061399705251,0.03218850785708202,0.0333675242440548,0.0333338490016142,0.033300510511598,0.0332675054064821,0.0332348303524172,0.0350262834438321,0.034976020609393796,0.0349262604032998,0.0348769977992667,0.0348282278212741,0.037597939700849,0.0375219603038406,0.037446740700802096,0.037372273293794195,0.0372985505608561,0.0416573249903406,0.0415407517404372,0.0414253442230328,0.0413110907808025,0.0411979798729946,0.0481686623203072,0.0479869756971041,0.0478071059401331,0.0476290348807317,0.047452744531924496,0.058767296409075,0.058479623444984294,0.0581948272105345,0.057912878938429196,0.0576337501490448,0.0760503083398337,0.0755898052564353,0.075133907203871,0.0746825681318323,0.074235742450514,0.0,0.0,0.0,0.0,0.0,0.0,0.0,0.0,0.0,0.0,0.0,0.0,0.0,0.0,0.0,0.0,0.0,0.0,0.0,0.0,0.0,0.0,0.0,0.0,0.0,0.0,0.0,0.0,0.0,0.0,0.0
R_ESR_M_30_Q1,DIS,1,0.0,0.0,0.0,0.0,0.0,0.0,0.0,0.0,0.0,0.0,0.0,0.0,0.0,0.0,0.0,0.0,0.0,0.0,0.0,0.0,0.0,0.0,0.0,0.0,0.0,0.0,0.0,0.0,0.0,0.0,8.338453841503044e-05,8.235810487177645e-05,8.136808353817182e-05,8.041345454516753e-05,7.949324123175426e-05,0.0001358834424378,0.000134299135002,0.0001328075808844,0.0001314060486763,0.0001300919881896,0.0002262396584123,0.0002239772618282,0.0002217374892099,0.0002195201143178,0.0002173249131747,0.0003836245745712,0.0003797883288255,0.0003759904455373,0.0003722305410819,0.0003685082356711,0.0006546401582893,0.0006480937567064,0.0006416128191393,0.0006351966909479,0.0006288447240385,0.0011169947168446,0.0011058247696762,0.0010947665219794,0.0010838188567596,0.001072980668192,0.0018917522312245,0.0018728347089123,0.0018541063618232,0.0018355652982049,0.0018172096452229,0.0031594312450844,0.0031278369326336,0.0030965585633072,0.0030655929776741,0.0030349370478974,0.0051764658501412,0.0051247011916398,0.0050734541797234,0.0050227196379261,0.0049724924415469,0.0083161520185732,0.0082329904983875,0.0081506605934036,0.0080691539874696,0.0079884624475949,0.0131761445465513,0.0130443831010858,0.0129139392700749,0.0127847998773742,0.0126569518786004,0.020732099687922,0.0205247786910428,0.0203195309041323,0.020116335595091,0.0199151722391401,0.0,0.0,0.0,0.0,0.0,0.0,0.0,0.0,0.0,0.0,0.0,0.0,0.0,0.0,0.0,0.0,0.0,0.0,0.0,0.0,0.0,0.0,0.0,0.0,0.0,0.0,0.0,0.0,0.0,0.0,0.0
R_ESR_M_30_Q1,DIS,2,0.0,0.0,0.0,0.0,0.0,0.0,0.0,0.0,0.0,0.0,0.0,0.0,0.0,0.0,0.0,0.0,0.0,0.0,0.0,0.0,0.0,0.0,0.0,0.0,0.0,0.0,0.0,0.0,0.0,0.0,9.841762664081284e-05,9.750122976055794e-05,9.658497220041076e-05,9.566901041782472e-05,9.47534993370423e-05,0.0001668693956387,0.0001651398954626,0.0001634483791745,0.0001617940421756,0.0001601761017538,0.0002771882833104,0.0002744164004773,0.0002716722364725,0.0002689555141078,0.0002662659589667,0.0004500165943751,0.0004455164284314,0.000441061264147,0.0004366506515056,0.0004322841449905,0.0007077372062439,0.0007006598341815,0.0006936532358397,0.0006867167034813,0.0006798495364464,0.0010782683419582,0.0010674856585386,0.0010568108019532,0.0010462426939337,0.0010357802669943,0.0015946993824583,0.0015787523886337,0.0015629648647474,0.0015473352160999,0.0015318618639389,0.0023023813718748,0.0022793575581561,0.0022565639825745,0.0022339983427488,0.0022116583593213,0.0032636965163356,0.0032310595511722,0.0031987489556605,0.0031667614661039,0.0031350938514429,0.0045686118956485,0.004522925776692,0.0044776965189251,0.0044329195537358,0.0043885903581985,0.0063520228539107,0.0062885026253716,0.0062256175991179,0.0061633614231267,0.0061017278088954,0.0088107492556714,0.0087226417631147,0.0086354153454836,0.0085490611920287,0.0084635705801085,0.0,0.0,0.0,0.0,0.0,0.0,0.0,0.0,0.0,0.0,0.0,0.0,0.0,0.0,0.0,0.0,0.0,0.0,0.0,0.0,0.0,0.0,0.0,0.0,0.0,0.0,0.0,0.0,0.0,0.0,0.0
R_ESR_M_30_Q2,DIS,1,0.0,0.0,0.0,0.0,0.0,0.0,0.0,0.0,0.0,0.0,0.0,0.0,0.0,0.0,0.0,0.0,0.0,0.0,0.0,0.0,0.0,0.0,0.0,0.0,0.0,0.0,0.0,0.0,0.0,0.0,5.879250725985279e-05,5.8027341114577765e-05,5.729400015996129e-05,5.659151750250848e-05,5.591897371809485e-05,9.645362832060956e-05,9.549770064139444e-05,9.454840582583346e-05,9.36057346210948e-05,9.266967727488388e-05,0.0001593170035446,0.0001577238335091,0.000156146595174,0.0001545851292223,0.0001530392779301,0.000260907252472,0.0002582981799472,0.0002557151981478,0.0002531580461663,0.0002506264657046,0.0004232950322249,0.0004190620819026,0.0004148714610836,0.0004107227464728,0.0004066155190081,0.0006797187021323,0.000672921515111,0.0006661922999599,0.0006595303769603,0.0006529350731907,0.0010787313610528,0.0010679440474422,0.0010572646069678,0.0010466919608981,0.0010362250412892,0.0016958681851591,0.0016789095033075,0.0016621204082745,0.0016454992041917,0.0016290442121498,0.0026508112639952,0.0026243031513552,0.0025980601198417,0.0025720795186433,0.0025463587234568,0.0041393186663213,0.004097925479658,0.0040569462248615,0.0040163767626128,0.0039762129949867,0.0064868888838361,0.0064220199949978,0.0063577997950478,0.0062942217970973,0.0062312795791264,0.0101866919996674,0.0100848250796707,0.009983976828874,0.0098841370605852,0.0097852956899794,0.0,0.0,0.0,0.0,0.0,0.0,0.0,0.0,0.0,0.0,0.0,0.0,0.0,0.0,0.0,0.0,0.0,0.0,0.0,0.0,0.0,0.0,0.0,0.0,0.0,0.0,0.0,0.0,0.0,0.0,0.0
R_ESR_M_30_Q2,DIS,2,0.0,0.0,0.0,0.0,0.0,0.0,0.0,0.0,0.0,0.0,0.0,0.0,0.0,0.0,0.0,0.0,0.0,0.0,0.0,0.0,0.0,0.0,0.0,0.0,0.0,0.0,0.0,0.0,0.0,0.0,2.1786896312444486e-05,2.2133262394465188e-05,2.24134843224562e-05,2.2624696252259062e-05,2.276465698426698e-05,3.453321061742334e-05,3.446262319588367e-05,3.4300785693427935e-05,3.4048743010592895e-05,3.370825558048696e-05,5.0997163832690334e-05,5.048719219436343e-05,4.99823202724198e-05,4.94824970696956e-05,4.898767209899864e-05,7.567976276373652e-05,7.492296513609914e-05,7.417373548473817e-05,7.343199812989079e-05,7.269767814859187e-05,0.0001161528850415,0.0001149913561911,0.0001138414426292,0.0001127030282029,0.0001115759979209,0.0001833636665769,0.0001815300299111,0.000179714729612,0.0001779175823159,0.0001761384064928,0.0002976574506858,0.0002946808761789,0.0002917340674171,0.0002888167267429,0.0002859285594755,0.0004992756893577,0.0004942829324642,0.0004893401031395,0.0004844467021081,0.000479602235087,0.000861854087443,0.0008532355465686,0.0008447031911029,0.0008362561591919,0.0008278935976,0.001523257842532,0.0015080252641067,0.0014929450114656,0.0014780155613509,0.0014632354057374,0.0027412435621903,0.0027138311265684,0.0026866928153027,0.0026598258871497,0.0026332276282782,0.0049711197491639,0.0049214085516722,0.0048721944661555,0.004823472521494,0.004775237796279,0.0,0.0,0.0,0.0,0.0,0.0,0.0,0.0,0.0,0.0,0.0,0.0,0.0,0.0,0.0,0.0,0.0,0.0,0.0,0.0,0.0,0.0,0.0,0.0,0.0,0.0,0.0,0.0,0.0,0.0,0.0
R_ESR_M_30_Q3,DIS,1,0.0,0.0,0.0,0.0,0.0,0.0,0.0,0.0,0.0,0.0,0.0,0.0,0.0,0.0,0.0,0.0,0.0,0.0,0.0,0.0,0.0,0.0,0.0,0.0,0.0,0.0,0.0,0.0,0.0,0.0,2.3549320549406464e-05,2.324182919796633e-05,2.2947235119163185e-05,2.2665144740849427e-05,2.239518396537781e-05,4.505400411502577e-05,4.466483160184359e-05,4.425874157960843e-05,4.383624893389304e-05,4.339788644455411e-05,8.287872380526082e-05,8.204993656720821e-05,8.122943720153613e-05,8.041714282952077e-05,7.961297140122555e-05,0.0001423258067959,0.000140902548728,0.0001394935232407,0.0001380985880083,0.0001367176021282,0.0002321495563944,0.0002298280608304,0.0002275297802221,0.0002252544824199,0.0002230019375957,0.0003646893820394,0.0003610424882191,0.0003574320633369,0.0003538577427035,0.0003503191652765,0.0005576648958942,0.0005520882469352,0.0005465673644659,0.0005411016908212,0.000535690673913,0.0008390652825275,0.0008306746297022,0.0008223678834052,0.0008141442045711,0.0008060027625254,0.0012506977340205,0.0012381907566803,0.0012258088491135,0.0012135507606223,0.0012014152530161,0.0018546267675042,0.0018360804998292,0.0018177196948309,0.0017995424978826,0.0017815470729037,0.0027494151860398,0.0027219210341794,0.0026947018238376,0.0026677548055993,0.0026410772575433,0.0040787753699156,0.0040379876162164,0.0039976077400543,0.0039576316626537,0.0039180553460272,0.0,0.0,0.0,0.0,0.0,0.0,0.0,0.0,0.0,0.0,0.0,0.0,0.0,0.0,0.0,0.0,0.0,0.0,0.0,0.0,0.0,0.0,0.0,0.0,0.0,0.0,0.0,0.0,0.0,0.0,0.0
R_ESR_M_30_Q3,DIS,2,0.0,0.0,0.0,0.0,0.0,0.0,0.0,0.0,0.0,0.0,0.0,0.0,0.0,0.0,0.0,0.0,0.0,0.0,0.0,0.0,0.0,0.0,0.0,0.0,0.0,0.0,0.0,0.0,0.0,0.0,1.26834647462082e-05,1.26093748097006e-05,1.2529163090890703e-05,1.244294874085224e-05,1.2350859575463864e-05,2.193101592911541e-05,2.1738194890343143e-05,2.1538317090698e-05,2.13316055210677e-05,2.111828946585703e-05,3.656532691799972e-05,3.6199673648819714e-05,3.583767691233152e-05,3.5479300143208204e-05,3.512450714177612e-05,5.9488622568573846e-05,5.889373634288812e-05,5.830479897945922e-05,5.772175098966463e-05,5.714453347976799e-05,9.436420755778471e-05,9.342056548220687e-05,9.248635982738482e-05,9.156149622911094e-05,9.064588126681984e-05,0.0001467183397446,0.0001452511563471,0.0001437986447836,0.0001423606583358,0.0001409370517524,0.0002258835634208,0.0002236247277866,0.0002213884805087,0.0002191745957036,0.0002169828497466,0.0003497295543685,0.0003462322588248,0.0003427699362365,0.0003393422368742,0.0003359488145054,0.0005482930315041,0.0005428101011891,0.0005373820001772,0.0005320081801754,0.0005266880983737,0.0008693391920953,0.0008606458001743,0.0008520393421726,0.0008435189487509,0.0008350837592634,0.0013927142737579,0.0013787871310204,0.0013649992597102,0.0013513492671131,0.0013378357744419,0.0022421684867979,0.0022197468019299,0.0021975493339106,0.0021755738405715,0.0021538181021658,0.0,0.0,0.0,0.0,0.0,0.0,0.0,0.0,0.0,0.0,0.0,0.0,0.0,0.0,0.0,0.0,0.0,0.0,0.0,0.0,0.0,0.0,0.0,0.0,0.0,0.0,0.0,0.0,0.0,0.0,0.0
R_ESR_M_40_LIV,DECR,1,0.0,0.0,0.0,0.0,0.0,0.0,0.0,0.0,0.0,0.0,0.0,0.0,0.0,0.0,0.0,0.0,0.0,0.0,0.0,0.0,0.0,0.0,0.0,0.0,0.0,0.0,0.0,0.0,0.0,0.0,0.0,0.0,0.0,0.0,0.0,0.0,0.0,0.0,0.0,0.0,0.031847474551711344,0.03183946448886058,0.031830226855617226,0.031819763726366426,0.03180808229350676,0.0328177509451824,0.0327955298337442,0.0327715224790853,0.0327457670170923,0.032718309346921395,0.034315555381655,0.0342723998278386,0.0342296758295602,0.034187379071264595,0.034145505280552,0.0367001037347025,0.036633102697355396,0.0365667716703819,0.036501103953678,0.0364360929141411,0.0405310076672943,0.0404256975906213,0.0403214406147151,0.040218226208568,0.0401160439464822,0.0466825875217326,0.0465157616465153,0.0463506040300501,0.046187097989749695,0.0460252270098522,0.0565193622428253,0.0562541686203971,0.0559916269341932,0.0557317106648512,0.055474393558202696,0.07219191384225519,0.07176999470383269,0.0713522947567944,0.07093877180922639,0.0705293840911342,0.09722404399201959,0.09655180355209919,0.0958862855165783,0.0952274226614125,0.0945751484347984,0.1371677573749737,0.1360960798012239,0.1350351190032117,0.1339847678131796,0.1329449201350477,0.0,0.0,0.0,0.0,0.0,0.0,0.0,0.0,0.0,0.0,0.0,0.0,0.0,0.0,0.0,0.0,0.0,0.0,0.0,0.0,0.0,0.0,0.0,0.0,0.0,0.0,0.0,0.0,0.0,0.0,0.0
R_ESR_M_40_LIV,DECR,2,0.0,0.0,0.0,0.0,0.0,0.0,0.0,0.0,0.0,0.0,0.0,0.0,0.0,0.0,0.0,0.0,0.0,0.0,0.0,0.0,0.0,0.0,0.0,0.0,0.0,0.0,0.0,0.0,0.0,0.0,0.0,0.0,0.0,0.0,0.0,0.0,0.0,0.0,0.0,0.0,0.03115174142140558,0.031150260764794085,0.0311475731834043,0.03114366842346171,0.031138542736643786,0.031714627623676495,0.031701853386550294,0.03168773274620507,0.031672293967116814,0.03165557102744557,0.032519157876694196,0.0324939662979271,0.0324690266349478,0.0324443363685984,0.0324198930049124,0.033723563676361,0.033686328039597396,0.0336494647592014,0.0336129701116093,0.0335768404104933,0.0355576990994465,0.0355021221084521,0.0354471008873675,0.0353926298784939,0.035338703579709,0.038401249771314996,0.0383172372736018,0.0382340649008658,0.038151724251857,0.0380702070093385,0.0428898231316971,0.04276092490038,0.042633315651376194,0.0425069824948625,0.0423819126699138,0.0500895869371696,0.0498886910677979,0.04968980415712,0.049492906115548796,0.0492979770543932,0.0618087865781671,0.0614906987123855,0.0611757917252617,0.0608640338080091,0.0605553934699289,0.08091908565236139,0.0804098947958377,0.0799057958478794,0.0794067378894007,0.0789126705105066,0.0,0.0,0.0,0.0,0.0,0.0,0.0,0.0,0.0,0.0,0.0,0.0,0.0,0.0,0.0,0.0,0.0,0.0,0.0,0.0,0.0,0.0,0.0,0.0,0.0,0.0,0.0,0.0,0.0,0.0,0.0
R_ESR_M_40_Q1,DIS,1,0.0,0.0,0.0,0.0,0.0,0.0,0.0,0.0,0.0,0.0,0.0,0.0,0.0,0.0,0.0,0.0,0.0,0.0,0.0,0.0,0.0,0.0,0.0,0.0,0.0,0.0,0.0,0.0,0.0,0.0,0.0,0.0,0.0,0.0,0.0,0.0,0.0,0.0,0.0,0.0,0.0002572606316693,0.0002531072688587,0.0002492153647954,0.0002455747198186,0.0002421758778915,0.0004265950567604,0.000421133658464,0.0004161355597145,0.0004115854917605,0.0004074696368429,0.0007238535309127,0.0007166149956036,0.0007094488456476,0.0007023543571911,0.0006953308136192,0.0012350916141652,0.0012227406980235,0.0012105132910433,0.0011984081581328,0.0011864240765515,0.0020917621915562,0.0020708445696406,0.0020501361239442,0.0020296347627048,0.0020093384150777,0.0034934695549485,0.003458534859399,0.003423949510805,0.003389710015697,0.00335581291554,0.0057237598943906,0.0056665222954467,0.0056098570724923,0.0055537585017673,0.0054982209167497,0.0091953967779517,0.0091034428101722,0.0090124083820705,0.0089222842982498,0.0088330614552673,0.014569223462797,0.014423531228169,0.0142792959158873,0.0141365029567284,0.0139951379271612,0.0229240497581956,0.0226948092606136,0.0224678611680075,0.0222431825563274,0.0220207507307641,0.0,0.0,0.0,0.0,0.0,0.0,0.0,0.0,0.0,0.0,0.0,0.0,0.0,0.0,0.0,0.0,0.0,0.0,0.0,0.0,0.0,0.0,0.0,0.0,0.0,0.0,0.0,0.0,0.0,0.0,0.0
R_ESR_M_40_Q1,DIS,2,0.0,0.0,0.0,0.0,0.0,0.0,0.0,0.0,0.0,0.0,0.0,0.0,0.0,0.0,0.0,0.0,0.0,0.0,0.0,0.0,0.0,0.0,0.0,0.0,0.0,0.0,0.0,0.0,0.0,0.0,0.0,0.0,0.0,0.0,0.0,0.0,0.0,0.0,0.0,0.0,0.0003087936659183,0.0003051983559032,0.0003017075896237,0.0002983187159645,0.0002950291774593,0.0004981353884921,0.0004928867798841,0.0004877816195579,0.0004828165700888,0.0004779884043879,0.000782564389323,0.0007747387454297,0.0007669913579754,0.0007593214443957,0.0007517282299517,0.0011922708020807,0.0011803480940599,0.0011685446131193,0.0011568591669881,0.0011452905753182,0.001763302730699,0.0017456697033921,0.0017282130063581,0.0017109308762945,0.0016938215675316,0.0025458060652655,0.0025203480046128,0.0024951445245667,0.002470193079321,0.0024454911485278,0.003608758517581,0.0035726709324052,0.0035369442230811,0.0035015747808503,0.0034665590330418,0.0050516391488675,0.0050011227573788,0.004951111529805,0.004901600414507,0.0048525844103619,0.0070236054311988,0.0069533693768868,0.006883835683118,0.0068149973262868,0.0067468473530239,0.0097422864728778,0.009644863608149,0.0095484149720675,0.0094529308223469,0.0093584015141234,0.0,0.0,0.0,0.0,0.0,0.0,0.0,0.0,0.0,0.0,0.0,0.0,0.0,0.0,0.0,0.0,0.0,0.0,0.0,0.0,0.0,0.0,0.0,0.0,0.0,0.0,0.0,0.0,0.0,0.0,0.0
R_ESR_M_40_Q2,DIS,1,0.0,0.0,0.0,0.0,0.0,0.0,0.0,0.0,0.0,0.0,0.0,0.0,0.0,0.0,0.0,0.0,0.0,0.0,0.0,0.0,0.0,0.0,0.0,0.0,0.0,0.0,0.0,0.0,0.0,0.0,0.0,0.0,0.0,0.0,0.0,0.0,0.0,0.0,0.0,0.0,0.0001738088465829,0.0001725853424996,0.000171306580855,0.0001699738971136,0.0001685886772054,0.0002873346274278,0.0002850336182965,0.0002825617846472,0.0002799237768659,0.0002771245390973,0.0004680488965029,0.0004633684075379,0.0004587347234625,0.0004541473762279,0.0004496059024656,0.0007515835628716,0.0007440677272429,0.0007366270499705,0.0007292607794708,0.000721968171676,0.0011927827749597,0.0011808549472101,0.001169046397738,0.0011573559337606,0.001145782374423,0.0018751678433505,0.001856416164917,0.0018378520032678,0.0018194734832352,0.0018012787484028,0.0029310745283949,0.0029017637831109,0.0028727461452798,0.002844018683827,0.0028155784969887,0.0045769578817459,0.0045311883029284,0.0044858764198992,0.0044410176557002,0.0043966074791432,0.0071727304897911,0.0071010031848931,0.0070299931530442,0.0069596932215138,0.0068900962892986,0.0112637040042708,0.0111510669642281,0.0110395562945858,0.0109291607316399,0.0108198691243235,0.0,0.0,0.0,0.0,0.0,0.0,0.0,0.0,0.0,0.0,0.0,0.0,0.0,0.0,0.0,0.0,0.0,0.0,0.0,0.0,0.0,0.0,0.0,0.0,0.0,0.0,0.0,0.0,0.0,0.0,0.0
R_ESR_M_40_Q2,DIS,2,0.0,0.0,0.0,0.0,0.0,0.0,0.0,0.0,0.0,0.0,0.0,0.0,0.0,0.0,0.0,0.0,0.0,0.0,0.0,0.0,0.0,0.0,0.0,0.0,0.0,0.0,0.0,0.0,0.0,0.0,0.0,0.0,0.0,0.0,0.0,0.0,0.0,0.0,0.0,0.0,5.228800478589476e-05,5.2638879147517616e-05,5.288215581439082e-05,5.301609644733063e-05,5.303963618622668e-05,8.287932753503046e-05,8.244628565613704e-05,8.188427853814978e-05,8.119576908816542e-05,8.038381139728376e-05,0.00012843342239,0.0001271490881661,0.0001258775972844,0.0001246188213116,0.0001233726330985,0.0002027502221062,0.0002007227198852,0.0001987154926863,0.0001967283377594,0.0001947610543819,0.0003291279857386,0.0003258367058812,0.0003225783388224,0.0003193525554342,0.0003161590298799,0.0005520627875701,0.0005465421596944,0.0005410767380974,0.0005356659707164,0.0005303093110093,0.0009529756407818,0.0009434458843739,0.0009340114255302,0.0009246713112749,0.0009154245981621,0.0016843078656962,0.0016674647870392,0.0016507901391689,0.0016342822377772,0.0016179394153994,0.0030310679943138,0.0030007573143707,0.002970749741227,0.0029410422438147,0.0029116318213765,0.0054967030932313,0.005441736062299,0.005387318701676,0.0053334455146593,0.0052801110595127,0.0,0.0,0.0,0.0,0.0,0.0,0.0,0.0,0.0,0.0,0.0,0.0,0.0,0.0,0.0,0.0,0.0,0.0,0.0,0.0,0.0,0.0,0.0,0.0,0.0,0.0,0.0,0.0,0.0,0.0,0.0
R_ESR_M_40_Q3,DIS,1,0.0,0.0,0.0,0.0,0.0,0.0,0.0,0.0,0.0,0.0,0.0,0.0,0.0,0.0,0.0,0.0,0.0,0.0,0.0,0.0,0.0,0.0,0.0,0.0,0.0,0.0,0.0,0.0,0.0,0.0,0.0,0.0,0.0,0.0,0.0,0.0,0.0,0.0,0.0,0.0,8.846333683364538e-05,8.826749477758346e-05,8.798617797452916e-05,8.762012324602929e-05,8.717031320166211e-05,0.0001562908341608,0.0001552627338225,0.0001540642997979,0.0001526993864921,0.0001511723926272,0.0002566941150311,0.0002541271738808,0.000251585902142,0.0002490700431206,0.0002465793426894,0.0004032470259165,0.0003992145556573,0.0003952224101007,0.0003912701859997,0.0003873574841397,0.0006166253304929,0.000610459077188,0.0006043544864161,0.000598310941552,0.0005923278321364,0.0009277774357915,0.0009184996614336,0.0009093146648193,0.0009002215181711,0.0008912193029894,0.0013829306977455,0.0013691013907681,0.0013554103768604,0.0013418562730918,0.0013284377103609,0.0020507115507416,0.0020302044352342,0.0020099023908818,0.001989803366973,0.0019699053333033,0.0030401035823417,0.0030097025465182,0.0029796055210531,0.0029498094658425,0.0029203113711841,0.0045100135027288,0.0044649133677015,0.0044202642340245,0.0043760615916843,0.0043323009757674,0.0,0.0,0.0,0.0,0.0,0.0,0.0,0.0,0.0,0.0,0.0,0.0,0.0,0.0,0.0,0.0,0.0,0.0,0.0,0.0,0.0,0.0,0.0,0.0,0.0,0.0,0.0,0.0,0.0,0.0,0.0
R_ESR_M_40_Q3,DIS,2,0.0,0.0,0.0,0.0,0.0,0.0,0.0,0.0,0.0,0.0,0.0,0.0,0.0,0.0,0.0,0.0,0.0,0.0,0.0,0.0,0.0,0.0,0.0,0.0,0.0,0.0,0.0,0.0,0.0,0.0,0.0,0.0,0.0,0.0,0.0,0.0,0.0,0.0,0.0,0.0,4.0023567623286806e-05,3.971264659006975e-05,3.939306333011064e-05,3.906506342708096e-05,3.8728897600161976e-05,6.567179228416722e-05,6.506771879235485e-05,6.445181506312193e-05,6.382451906635002e-05,6.318627387568653e-05,0.0001043410856599,0.0001032976748033,0.0001022646980552,0.0001012420510747,0.0001002296305639,0.000162230481783,0.0001606081769651,0.0001590020951955,0.0001574120742435,0.0001558379535011,0.0002497656351919,0.00024726797884,0.0002447952990516,0.0002423473460611,0.0002399238726005,0.0003867055352298,0.0003828384798775,0.0003790100950787,0.0003752199941279,0.0003714677941866,0.0006062626036665,0.0006001999776298,0.0005941979778535,0.000588255998075,0.0005823734380942,0.0009612521257532,0.0009516396044957,0.0009421232084507,0.0009327019763662,0.0009233749566025,0.0015399622706414,0.001524562647935,0.0015093170214556,0.0014942238512411,0.0014792816127287,0.0024792270310931,0.0024544347607821,0.0024298904131743,0.0024055915090426,0.0023815355939521,0.0,0.0,0.0,0.0,0.0,0.0,0.0,0.0,0.0,0.0,0.0,0.0,0.0,0.0,0.0,0.0,0.0,0.0,0.0,0.0,0.0,0.0,0.0,0.0,0.0,0.0,0.0,0.0,0.0,0.0,0.0
R_ESR_M_50_LIV,DECR,1,0.0,0.0,0.0,0.0,0.0,0.0,0.0,0.0,0.0,0.0,0.0,0.0,0.0,0.0,0.0,0.0,0.0,0.0,0.0,0.0,0.0,0.0,0.0,0.0,0.0,0.0,0.0,0.0,0.0,0.0,0.0,0.0,0.0,0.0,0.0,0.0,0.0,0.0,0.0,0.0,0.0,0.0,0.0,0.0,0.0,0.0,0.0,0.0,0.0,0.0,0.034655316159875,0.0346337519526094,0.0346093535514361,0.0345820952116759,0.0345519683790037,0.0373766111741735,0.0373185700046131,0.037255821148459496,0.0371884484813731,0.0371165639965592,0.0416444232568316,0.0415279790242633,0.0414126992340208,0.0412985722416806,0.0411855865192637,0.0484463933803312,0.0482619294465279,0.0480793101520626,0.047898517050542,0.047719531880036595,0.0593231842775822,0.059029952434806396,0.0587396529104584,0.0584522563813537,0.0581677338175403,0.0766527533087655,0.0761862257756778,0.0757243635179211,0.0752671198827418,0.0748144486839144,0.10433146437733751,0.1035881497335642,0.1028522682362285,0.10212374555386619,0.1014025080983275,0.14849832093800658,0.1473133377286265,0.14614020435134029,0.1449788023078269,0.1438290142847485,0.0,0.0,0.0,0.0,0.0,0.0,0.0,0.0,0.0,0.0,0.0,0.0,0.0,0.0,0.0,0.0,0.0,0.0,0.0,0.0,0.0,0.0,0.0,0.0,0.0,0.0,0.0,0.0,0.0,0.0,0.0
R_ESR_M_50_LIV,DECR,2,0.0,0.0,0.0,0.0,0.0,0.0,0.0,0.0,0.0,0.0,0.0,0.0,0.0,0.0,0.0,0.0,0.0,0.0,0.0,0.0,0.0,0.0,0.0,0.0,0.0,0.0,0.0,0.0,0.0,0.0,0.0,0.0,0.0,0.0,0.0,0.0,0.0,0.0,0.0,0.0,0.0,0.0,0.0,0.0,0.0,0.0,0.0,0.0,0.0,0.0,0.0327126001156322,0.0327012157042563,0.0326879739822418,0.032672880083987,0.0326559463584193,0.0340989957868127,0.0340670213029687,0.0340323212580813,0.0339949598863669,0.033955010287503196,0.0361452999269059,0.0360838469276369,0.036023008458360595,0.0359627783737768,0.035903150590039096,0.0392894916910346,0.0391965967741244,0.0391046308063829,0.039013584498319195,0.0389234486533361,0.0442526300419781,0.044110103741558396,0.0439690027041428,0.0438293126771014,0.0436910195503304,0.0522136058335455,0.051991469775210096,0.051771555077457995,0.051553839526683395,0.0513383011314167,0.065171845459075,0.0648201270044843,0.0644719257344394,0.064127206477095,0.063785934412324,0.0863026259137939,0.085739599654656,0.0851822036581095,0.08463038162152839,0.0840840778053131,0.0,0.0,0.0,0.0,0.0,0.0,0.0,0.0,0.0,0.0,0.0,0.0,0.0,0.0,0.0,0.0,0.0,0.0,0.0,0.0,0.0,0.0,0.0,0.0,0.0,0.0,0.0,0.0,0.0,0.0,0.0
R_ESR_M_50_Q1,DIS,1,0.0,0.0,0.0,0.0,0.0,0.0,0.0,0.0,0.0,0.0,0.0,0.0,0.0,0.0,0.0,0.0,0.0,0.0,0.0,0.0,0.0,0.0,0.0,0.0,0.0,0.0,0.0,0.0,0.0,0.0,0.0,0.0,0.0,0.0,0.0,0.0,0.0,0.0,0.0,0.0,0.0,0.0,0.0,0.0,0.0,0.0,0.0,0.0,0.0,0.0,0.000832627597217,0.0008170893281901,0.000802725705701,0.0007894837053719,0.0007773149355458,0.0013754259910442,0.00135683428931,0.0013400845771627,0.0013251126832884,0.0013118615564555,0.0023129186760317,0.0022897894892714,0.0022668915943787,0.0022442226784349,0.0022217804516505,0.0038628248518907,0.0038241966033718,0.0037859546373381,0.0037480950909647,0.0037106141400551,0.006328917890522,0.0062656287116168,0.0062029724245006,0.0061409427002556,0.0060795332732531,0.0101676017604199,0.0100659257428157,0.0099652664853875,0.0098656138205337,0.0097669576823283,0.016109588928612,0.0159484930393259,0.0157890081089326,0.0156311180278433,0.0154748068475648,0.0253477489123968,0.0250942714232728,0.0248433287090401,0.0245948954219497,0.0243489464677302,0.0,0.0,0.0,0.0,0.0,0.0,0.0,0.0,0.0,0.0,0.0,0.0,0.0,0.0,0.0,0.0,0.0,0.0,0.0,0.0,0.0,0.0,0.0,0.0,0.0,0.0,0.0,0.0,0.0,0.0,0.0
R_ESR_M_50_Q1,DIS,2,0.0,0.0,0.0,0.0,0.0,0.0,0.0,0.0,0.0,0.0,0.0,0.0,0.0,0.0,0.0,0.0,0.0,0.0,0.0,0.0,0.0,0.0,0.0,0.0,0.0,0.0,0.0,0.0,0.0,0.0,0.0,0.0,0.0,0.0,0.0,0.0,0.0,0.0,0.0,0.0,0.0,0.0,0.0,0.0,0.0,0.0,0.0,0.0,0.0,0.0,0.0008687083158339,0.0008592707904436,0.000850028579198,0.0008409775642379,0.0008321137343773,0.0013182570490244,0.0013051088269167,0.0012920804091766,0.0012791708271937,0.0012663791189217,0.0019497320650477,0.0019302347443972,0.0019109323969533,0.0018918230729837,0.0018729048422539,0.0028149674077084,0.0027868177336313,0.002758949556295,0.0027313600607321,0.0027040464601248,0.0039903030116401,0.0039503999815237,0.0039108959817085,0.0038717870218914,0.0038330691516725,0.0055857355961177,0.0055298782401566,0.005474579457755,0.0054198336631774,0.0053656353265457,0.0077661926582639,0.0076885307316813,0.0076116454243644,0.0075355289701208,0.0074601736804196,0.0107723126564433,0.0106645895298789,0.0105579436345801,0.0104523641982343,0.010347840556252,0.0,0.0,0.0,0.0,0.0,0.0,0.0,0.0,0.0,0.0,0.0,0.0,0.0,0.0,0.0,0.0,0.0,0.0,0.0,0.0,0.0,0.0,0.0,0.0,0.0,0.0,0.0,0.0,0.0,0.0,0.0
R_ESR_M_50_Q2,DIS,1,0.0,0.0,0.0,0.0,0.0,0.0,0.0,0.0,0.0,0.0,0.0,0.0,0.0,0.0,0.0,0.0,0.0,0.0,0.0,0.0,0.0,0.0,0.0,0.0,0.0,0.0,0.0,0.0,0.0,0.0,0.0,0.0,0.0,0.0,0.0,0.0,0.0,0.0,0.0,0.0,0.0,0.0,0.0,0.0,0.0,0.0,0.0,0.0,0.0,0.0,0.0004999406873063,0.0004987557313568,0.0004970979077394,0.0004949714994603,0.000492382120078,0.0008247804393973,0.000819627165695,0.0008134810246335,0.0008063635930242,0.0007982999570939,0.0013188925432296,0.0013057036177973,0.0012926465816194,0.0012797201158032,0.0012669229146451,0.0020734243802126,0.0020526901364105,0.0020321632350464,0.0020118416026959,0.001991723186669,0.0032409692865334,0.003208559593668,0.0031764739977314,0.003144709257754,0.0031132621651765,0.0050608675340025,0.0050102588586625,0.0049601562700759,0.0049105547073751,0.0048614491603014,0.0079310843149133,0.0078517734717642,0.0077732557370465,0.007695523179676,0.0076185679478793,0.0124545856397708,0.0123300397833731,0.0122067393855394,0.012084671991684,0.0119638252717671,0.0,0.0,0.0,0.0,0.0,0.0,0.0,0.0,0.0,0.0,0.0,0.0,0.0,0.0,0.0,0.0,0.0,0.0,0.0,0.0,0.0,0.0,0.0,0.0,0.0,0.0,0.0,0.0,0.0,0.0,0.0
R_ESR_M_50_Q2,DIS,2,0.0,0.0,0.0,0.0,0.0,0.0,0.0,0.0,0.0,0.0,0.0,0.0,0.0,0.0,0.0,0.0,0.0,0.0,0.0,0.0,0.0,0.0,0.0,0.0,0.0,0.0,0.0,0.0,0.0,0.0,0.0,0.0,0.0,0.0,0.0,0.0,0.0,0.0,0.0,0.0,0.0,0.0,0.0,0.0,0.0,0.0,0.0,0.0,0.0,0.0,0.0001354293824289,0.0001354945359711,0.0001353822045771,0.0001350925971997,0.0001346266196594,0.0002227013533013,0.0002212079782334,0.0002194817110403,0.0002175279046276,0.0002153526255813,0.0003639258172332,0.0003602865590609,0.0003566836934703,0.0003531168565355,0.0003495856879702,0.0006104309260715,0.0006043266168108,0.0005982833506426,0.0005923005171362,0.0005863775119649,0.0010537312349678,0.0010431939226181,0.0010327619833919,0.001022434363558,0.0010122100199224,0.0018623852818841,0.0018437614290653,0.0018253238147746,0.0018070705766269,0.0017889998708606,0.0033515347971534,0.0033180194491819,0.0032848392546901,0.0032519908621432,0.0032194709535217,0.0060778549742683,0.0060170764245256,0.0059569056602804,0.0058973366036776,0.0058383632376408,0.0,0.0,0.0,0.0,0.0,0.0,0.0,0.0,0.0,0.0,0.0,0.0,0.0,0.0,0.0,0.0,0.0,0.0,0.0,0.0,0.0,0.0,0.0,0.0,0.0,0.0,0.0,0.0,0.0,0.0,0.0
R_ESR_M_50_Q3,DIS,1,0.0,0.0,0.0,0.0,0.0,0.0,0.0,0.0,0.0,0.0,0.0,0.0,0.0,0.0,0.0,0.0,0.0,0.0,0.0,0.0,0.0,0.0,0.0,0.0,0.0,0.0,0.0,0.0,0.0,0.0,0.0,0.0,0.0,0.0,0.0,0.0,0.0,0.0,0.0,0.0,0.0,0.0,0.0,0.0,0.0,0.0,0.0,0.0,0.0,0.0,0.0002722293101719,0.0002720152967082,0.0002714881630228,0.0002706493695079,0.0002695014522528,0.000442932019925,0.0004399596173579,0.0004365247816068,0.0004326381479818,0.0004283117665019,0.0006818194959104,0.0006750013009513,0.0006682512879418,0.0006615687750624,0.0006549530873118,0.0010258688904051,0.001015610201501,0.001005454099486,0.0009953995584912,0.0009854455629062,0.0015291443030116,0.0015138528599815,0.0014987143313817,0.0014837271880679,0.0014688899161872,0.0022675278595295,0.0022448525809342,0.0022224040551249,0.0022001800145736,0.0021781782144279,0.0033615256940072,0.0033279104370671,0.0032946313326965,0.0032616850193695,0.0032290681691758,0.0049868453028383,0.0049369768498099,0.0048876070813118,0.0048387310104987,0.0047903437003937,0.0,0.0,0.0,0.0,0.0,0.0,0.0,0.0,0.0,0.0,0.0,0.0,0.0,0.0,0.0,0.0,0.0,0.0,0.0,0.0,0.0,0.0,0.0,0.0,0.0,0.0,0.0,0.0,0.0,0.0,0.0
R_ESR_M_50_Q3,DIS,2,0.0,0.0,0.0,0.0,0.0,0.0,0.0,0.0,0.0,0.0,0.0,0.0,0.0,0.0,0.0,0.0,0.0,0.0,0.0,0.0,0.0,0.0,0.0,0.0,0.0,0.0,0.0,0.0,0.0,0.0,0.0,0.0,0.0,0.0,0.0,0.0,0.0,0.0,0.0,0.0,0.0,0.0,0.0,0.0,0.0,0.0,0.0,0.0,0.0,0.0,0.0001140965038666,0.000113235008124,0.0001123453472889,0.0001114282788108,0.0001104845795944,0.0001790088806915,0.0001774037053901,0.0001757518385918,0.000174054836549,0.0001723142881836,0.0002761726952511,0.0002734109682986,0.0002706768586156,0.0002679700900294,0.0002652903891291,0.0004275908887579,0.0004233149798704,0.0004190818300716,0.0004148910117709,0.0004107421016532,0.0006703611453827,0.0006636575339289,0.0006570209585896,0.0006504507490037,0.0006439462415137,0.0010628827708066,0.0010522539430985,0.0010417314036676,0.0010313140896309,0.0010210009487346,0.0017027784088118,0.0016857506247237,0.0016688931184765,0.0016522041872917,0.0016356821454188,0.002741349148333,0.0027139356568497,0.0026867963002812,0.0026599283372784,0.0026333290539056,0.0,0.0,0.0,0.0,0.0,0.0,0.0,0.0,0.0,0.0,0.0,0.0,0.0,0.0,0.0,0.0,0.0,0.0,0.0,0.0,0.0,0.0,0.0,0.0,0.0,0.0,0.0,0.0,0.0,0.0,0.0
R_ESR_M_60_LIV,DECR,1,0.0,0.0,0.0,0.0,0.0,0.0,0.0,0.0,0.0,0.0,0.0,0.0,0.0,0.0,0.0,0.0,0.0,0.0,0.0,0.0,0.0,0.0,0.0,0.0,0.0,0.0,0.0,0.0,0.0,0.0,0.0,0.0,0.0,0.0,0.0,0.0,0.0,0.0,0.0,0.0,0.0,0.0,0.0,0.0,0.0,0.0,0.0,0.0,0.0,0.0,0.0,0.0,0.0,0.0,0.0,0.0,0.0,0.0,0.0,0.0,0.0425316721017205,0.0424796420417638,0.042419404924184,0.042350797213460495,0.0422737191684672,0.0502924250757714,0.0501409111783542,0.0499736452212149,0.049790879922479395,0.0495929711232546,0.0624234470008673,0.0620992125308585,0.0617782204055499,0.0614604382014945,0.0611458338194796,0.0815852255345855,0.08106937327923949,0.0805586795464472,0.0800530927509827,0.0795525618234728,0.112190333523156,0.1113684301879244,0.11055474588604519,0.1097491984271847,0.1089517064429128,0.1610268350208654,0.15971656667065678,0.1584194010039503,0.1571352069939107,0.15586385492397162,0.0,0.0,0.0,0.0,0.0,0.0,0.0,0.0,0.0,0.0,0.0,0.0,0.0,0.0,0.0,0.0,0.0,0.0,0.0,0.0,0.0,0.0,0.0,0.0,0.0,0.0,0.0,0.0,0.0,0.0,0.0
R_ESR_M_60_LIV,DECR,2,0.0,0.0,0.0,0.0,0.0,0.0,0.0,0.0,0.0,0.0,0.0,0.0,0.0,0.0,0.0,0.0,0.0,0.0,0.0,0.0,0.0,0.0,0.0,0.0,0.0,0.0,0.0,0.0,0.0,0.0,0.0,0.0,0.0,0.0,0.0,0.0,0.0,0.0,0.0,0.0,0.0,0.0,0.0,0.0,0.0,0.0,0.0,0.0,0.0,0.0,0.0,0.0,0.0,0.0,0.0,0.0,0.0,0.0,0.0,0.0,0.0366038992267866,0.0365792154319984,0.0365495607058056,0.0365149652156941,0.036475475638485,0.0402166883593058,0.0401416674305506,0.040058229275553595,0.0399665669492968,0.0398669012798038,0.0457595229226978,0.0456019276934708,0.045445908416536,0.0452914493323707,0.045138534839046895,0.0545621916304891,0.054316569714184096,0.054073404017042304,0.0538326699768719,0.0535943432771032,0.0688904716612528,0.0685015669446402,0.06811655127519389,0.06773538576244201,0.0673580319048176,0.0922553536493366,0.0916328001128433,0.0910164721117147,0.0904063073905976,0.08980224431669159,0.0,0.0,0.0,0.0,0.0,0.0,0.0,0.0,0.0,0.0,0.0,0.0,0.0,0.0,0.0,0.0,0.0,0.0,0.0,0.0,0.0,0.0,0.0,0.0,0.0,0.0,0.0,0.0,0.0,0.0,0.0
R_ESR_M_60_Q1,DIS,1,0.0,0.0,0.0,0.0,0.0,0.0,0.0,0.0,0.0,0.0,0.0,0.0,0.0,0.0,0.0,0.0,0.0,0.0,0.0,0.0,0.0,0.0,0.0,0.0,0.0,0.0,0.0,0.0,0.0,0.0,0.0,0.0,0.0,0.0,0.0,0.0,0.0,0.0,0.0,0.0,0.0,0.0,0.0,0.0,0.0,0.0,0.0,0.0,0.0,0.0,0.0,0.0,0.0,0.0,0.0,0.0,0.0,0.0,0.0,0.0,0.0026695945293549,0.002617780282386,0.0025700505472879,0.0025262137749799,0.0024860958700437,0.0042993333795945,0.0042424015434064,0.0041908082422808,0.0041443712724273,0.0041029275597031,0.0069980576411363,0.0069280770647249,0.0068587962940776,0.0067902083311369,0.0067223062478255,0.0112425954045152,0.01113016945047,0.0110188677559653,0.0109086790784057,0.0107995922876216,0.0178128131613568,0.0176346850297432,0.0174583381794458,0.0172837547976513,0.0171109172496748,0.0280276993682676,0.0277474223745849,0.0274699481508391,0.0271952486693307,0.0269232961826374,0.0,0.0,0.0,0.0,0.0,0.0,0.0,0.0,0.0,0.0,0.0,0.0,0.0,0.0,0.0,0.0,0.0,0.0,0.0,0.0,0.0,0.0,0.0,0.0,0.0,0.0,0.0,0.0,0.0,0.0,0.0
R_ESR_M_60_Q1,DIS,2,0.0,0.0,0.0,0.0,0.0,0.0,0.0,0.0,0.0,0.0,0.0,0.0,0.0,0.0,0.0,0.0,0.0,0.0,0.0,0.0,0.0,0.0,0.0,0.0,0.0,0.0,0.0,0.0,0.0,0.0,0.0,0.0,0.0,0.0,0.0,0.0,0.0,0.0,0.0,0.0,0.0,0.0,0.0,0.0,0.0,0.0,0.0,0.0,0.0,0.0,0.0,0.0,0.0,0.0,0.0,0.0,0.0,0.0,0.0,0.0,0.0021450065360246,0.0021259418047199,0.0021067510033128,0.0020874405875462,0.0020680170056656,0.0031074281552512,0.0030789059440343,0.003049802648326,0.0030201395363851,0.0029899381410212,0.0044121871959938,0.0043680653240339,0.0043243846707935,0.0042811408240856,0.0042383294158447,0.0061763006482226,0.0061145376417403,0.0060533922653229,0.0059928583426697,0.005932929759243,0.0085872916689423,0.0085014187522529,0.0084164045647304,0.0083322405190831,0.0082489181138923,0.0119112407843095,0.0117921283764664,0.0116742070927017,0.0115574650217747,0.011441890371557,0.0,0.0,0.0,0.0,0.0,0.0,0.0,0.0,0.0,0.0,0.0,0.0,0.0,0.0,0.0,0.0,0.0,0.0,0.0,0.0,0.0,0.0,0.0,0.0,0.0,0.0,0.0,0.0,0.0,0.0,0.0
R_ESR_M_60_Q2,DIS,1,0.0,0.0,0.0,0.0,0.0,0.0,0.0,0.0,0.0,0.0,0.0,0.0,0.0,0.0,0.0,0.0,0.0,0.0,0.0,0.0,0.0,0.0,0.0,0.0,0.0,0.0,0.0,0.0,0.0,0.0,0.0,0.0,0.0,0.0,0.0,0.0,0.0,0.0,0.0,0.0,0.0,0.0,0.0,0.0,0.0,0.0,0.0,0.0,0.0,0.0,0.0,0.0,0.0,0.0,0.0,0.0,0.0,0.0,0.0,0.0,0.0013808669102005,0.0013837118253263,0.0013844766148329,0.0013831546872794,0.0013797488750097,0.0022692196727917,0.0022580851847168,0.0022431716647993,0.0022245482946755,0.0022023028117287,0.003583628397878,0.0035477921138992,0.0035123141927602,0.0034771910508326,0.0034424191403243,0.005595939674007,0.0055399802772669,0.0054845804744943,0.0054297346697493,0.0053754373230518,0.0087696168843639,0.0086819207155203,0.0085951015083651,0.0085091504932814,0.0084240589883486,0.0137713760410936,0.0136336622806827,0.0134973256578759,0.0133623524012971,0.0132287288772841,0.0,0.0,0.0,0.0,0.0,0.0,0.0,0.0,0.0,0.0,0.0,0.0,0.0,0.0,0.0,0.0,0.0,0.0,0.0,0.0,0.0,0.0,0.0,0.0,0.0,0.0,0.0,0.0,0.0,0.0,0.0
R_ESR_M_60_Q2,DIS,2,0.0,0.0,0.0,0.0,0.0,0.0,0.0,0.0,0.0,0.0,0.0,0.0,0.0,0.0,0.0,0.0,0.0,0.0,0.0,0.0,0.0,0.0,0.0,0.0,0.0,0.0,0.0,0.0,0.0,0.0,0.0,0.0,0.0,0.0,0.0,0.0,0.0,0.0,0.0,0.0,0.0,0.0,0.0,0.0,0.0,0.0,0.0,0.0,0.0,0.0,0.0,0.0,0.0,0.0,0.0,0.0,0.0,0.0,0.0,0.0,0.000389726092187,0.0003885802181441,0.0003870948010489,0.0003852734609128,0.000383120696434,0.0006721556155042,0.0006668254868583,0.0006610774944059,0.0006549228843688,0.0006483736555251,0.001165139451661,0.0011534880571444,0.0011419531765729,0.0011305336448072,0.0011192283083591,0.0020592903523281,0.0020386974488048,0.0020183104743168,0.0019981273695736,0.0019781460958779,0.0037058837075257,0.0036688248704504,0.0036321366217459,0.0035958152555285,0.0035598571029732,0.0067204505067276,0.0066532460016604,0.0065867135416437,0.0065208464062273,0.006455637942165,0.0,0.0,0.0,0.0,0.0,0.0,0.0,0.0,0.0,0.0,0.0,0.0,0.0,0.0,0.0,0.0,0.0,0.0,0.0,0.0,0.0,0.0,0.0,0.0,0.0,0.0,0.0,0.0,0.0,0.0,0.0
R_ESR_M_60_Q3,DIS,1,0.0,0.0,0.0,0.0,0.0,0.0,0.0,0.0,0.0,0.0,0.0,0.0,0.0,0.0,0.0,0.0,0.0,0.0,0.0,0.0,0.0,0.0,0.0,0.0,0.0,0.0,0.0,0.0,0.0,0.0,0.0,0.0,0.0,0.0,0.0,0.0,0.0,0.0,0.0,0.0,0.0,0.0,0.0,0.0,0.0,0.0,0.0,0.0,0.0,0.0,0.0,0.0,0.0,0.0,0.0,0.0,0.0,0.0,0.0,0.0,0.0007281252257841,0.000726433026883,0.0007240477527204,0.000720975591349,0.0007172246936324,0.0011292796834135,0.0011204840244364,0.0011109309764018,0.001100640521299,0.001089634116086,0.0016908166860746,0.0016739085192138,0.0016571694340217,0.0016405977396815,0.0016241917622847,0.0025072675832363,0.0024821949074039,0.0024573729583299,0.0024327992287466,0.0024084712364591,0.0037169309154812,0.0036797616063263,0.0036429639902631,0.0036065343503605,0.0035704690068568,0.0055140912681067,0.0054589503554257,0.0054043608518714,0.0053503172433527,0.0052968140709192,0.0,0.0,0.0,0.0,0.0,0.0,0.0,0.0,0.0,0.0,0.0,0.0,0.0,0.0,0.0,0.0,0.0,0.0,0.0,0.0,0.0,0.0,0.0,0.0,0.0,0.0,0.0,0.0,0.0,0.0,0.0
R_ESR_M_60_Q3,DIS,2,0.0,0.0,0.0,0.0,0.0,0.0,0.0,0.0,0.0,0.0,0.0,0.0,0.0,0.0,0.0,0.0,0.0,0.0,0.0,0.0,0.0,0.0,0.0,0.0,0.0,0.0,0.0,0.0,0.0,0.0,0.0,0.0,0.0,0.0,0.0,0.0,0.0,0.0,0.0,0.0,0.0,0.0,0.0,0.0,0.0,0.0,0.0,0.0,0.0,0.0,0.0,0.0,0.0,0.0,0.0,0.0,0.0,0.0,0.0,0.0,0.0003020730396724,0.0002997746988697,0.0002974042334743,0.0002949636094572,0.0002924548407483,0.0004722492543848,0.0004677987607855,0.0004633003969223,0.0004587563411923,0.0004541687777804,0.0007412366563946,0.0007338242898306,0.0007264860469323,0.000719221186463,0.0007120289745984,0.0011752585551812,0.0011635059696294,0.0011518709099331,0.0011403522008338,0.0011289486788254,0.0018828086666747,0.0018639805800079,0.0018453407742079,0.0018268873664658,0.0018086184928011,0.0030311847438002,0.0030008728963622,0.0029708641673986,0.0029411555257246,0.0029117439704673,0.0,0.0,0.0,0.0,0.0,0.0,0.0,0.0,0.0,0.0,0.0,0.0,0.0,0.0,0.0,0.0,0.0,0.0,0.0,0.0,0.0,0.0,0.0,0.0,0.0,0.0,0.0,0.0,0.0,0.0,0.0
R_ICS_C_30_LIV,DECR,1,0.0,0.0,0.0,0.0,0.0,0.0,0.0,0.0,0.0,0.0,0.0,0.0,0.0,0.0,0.0,0.0,0.0,0.0,0.0,0.0,0.0,0.0,0.0,0.0,0.0,0.0,0.0,0.0,0.0,0.0,0.030797447057608653,0.03079395572626648,0.03079011980977201,0.03078593992858606,0.03078141891775953,0.031160344355654415,0.031153125747352208,0.031145388226811857,0.03113714889041501,0.03112842808903221,0.03171745663800645,0.031704994243953157,0.03169265647384045,0.031680442081428756,0.031668349832941256,0.0326046920700429,0.0325869683034807,0.0325694217745842,0.032552050710976596,0.032534853358004996,0.0340500133311804,0.034024085069340695,0.0339984160901194,0.0339730038006903,0.0339478456341556,0.036426043033365996,0.0363870625241926,0.0363484718201108,0.0363102670230699,0.0362724442739994,0.040335110745152,0.0402751516843729,0.0402157922142016,0.040157026338732,0.0400988481220171,0.046757338460679795,0.0466634077766133,0.0465704163993875,0.0464783549359339,0.046387214087114895,0.0572507249635762,0.057101668353527,0.0569541023095783,0.0568080119260691,0.0566633824463949,0.0743103798493191,0.0740719047179505,0.0738358143378957,0.0736020848616414,0.0733706926801497,0.1020839205216055,0.1017000828038099,0.1013200834631922,0.10094388411598079,0.10057144676224139,0.14725796812183709,0.1466387378045239,0.14602569979038388,0.14541879215638528,0.14481795359872668,0.0,0.0,0.0,0.0,0.0,0.0,0.0,0.0,0.0,0.0,0.0,0.0,0.0,0.0,0.0,0.0,0.0,0.0,0.0,0.0,0.0,0.0,0.0,0.0,0.0,0.0,0.0,0.0,0.0,0.0,0.0
R_ICS_C_30_LIV,DECR,2,0.0,0.0,0.0,0.0,0.0,0.0,0.0,0.0,0.0,0.0,0.0,0.0,0.0,0.0,0.0,0.0,0.0,0.0,0.0,0.0,0.0,0.0,0.0,0.0,0.0,0.0,0.0,0.0,0.0,0.0,0.030517424521372617,0.030521505901737054,0.030524632988636523,0.030526773304755467,0.030527902632561225,0.03075735350210375,0.03075491313499862,0.030751491683551728,0.030747104520530647,0.030741774453187546,0.031086122995786575,0.031078930758809777,0.031071810444202774,0.031064761332741875,0.031057782712395576,0.03159247819182668,0.031582743169041076,0.03157310549648338,0.031563564200651276,0.03155411831777748,0.0323813564514186,0.032367756182129,0.032354291915532296,0.0323409622916016,0.0323277659639103,0.0336063169073149,0.0335867251683572,0.033567329346789,0.033548127483436496,0.0335291176387175,0.0355130761155175,0.0354839956850449,0.0354552060588769,0.0354267043289706,0.0353984876163634,0.038521833771011496,0.038477368240159,0.038433347364615095,0.0383897666978266,0.0383466218377059,0.0433390005836104,0.0432691657700598,0.0432000293046447,0.0431315842038838,0.0430638235541305,0.051161218824333,0.051049144290432696,0.0509381905018714,0.0508283462511957,0.0507196004430268,0.064048063100055,0.0638652499428628,0.0636842649172426,0.0635050897418786,0.0633277063182682,0.0853623468995865,0.0850620841911045,0.0847648241097073,0.0844705366291241,0.0841791920233467,0.0,0.0,0.0,0.0,0.0,0.0,0.0,0.0,0.0,0.0,0.0,0.0,0.0,0.0,0.0,0.0,0.0,0.0,0.0,0.0,0.0,0.0,0.0,0.0,0.0,0.0,0.0,0.0,0.0,0.0,0.0
R_ICS_C_30_Q1,DIS,1,0.0,0.0,0.0,0.0,0.0,0.0,0.0,0.0,0.0,0.0,0.0,0.0,0.0,0.0,0.0,0.0,0.0,0.0,0.0,0.0,0.0,0.0,0.0,0.0,0.0,0.0,0.0,0.0,0.0,0.0,7.838907771277179e-05,7.763792487979649e-05,7.698696424463907e-05,7.643367629322553e-05,7.597591663016424e-05,0.0001307121975742,0.0001301388174593,0.0001297582408363,0.0001295685090019,0.0001295685090019,0.0002276153501938,0.0002276153501938,0.0002276153501938,0.0002276153501938,0.0002276153501938,0.0004058616691396,0.0004058616691396,0.0004058616691396,0.0004058616691396,0.0004058616691396,0.0007283020630983,0.0007283020630983,0.0007283020630983,0.0007283020630983,0.0007283020630983,0.001306748609934,0.001306748609934,0.001306748609934,0.001306748609934,0.001306748609934,0.0023271777033711,0.0023271777033711,0.0023271777033711,0.0023271777033711,0.0023271777033711,0.0040868594698861,0.0040868594698861,0.0040868594698861,0.0040868594698861,0.0040868594698861,0.0070408222051758,0.0070408222051758,0.0070408222051758,0.0070408222051758,0.0070408222051758,0.0118937479803475,0.0118937479803475,0.0118937479803475,0.0118937479803475,0.0118937479803475,0.0198148123499588,0.0198148123499588,0.0198148123499588,0.0198148123499588,0.0198148123499588,0.0327832084281273,0.0327832084281273,0.0327832084281273,0.0327832084281273,0.0327832084281273,0.0,0.0,0.0,0.0,0.0,0.0,0.0,0.0,0.0,0.0,0.0,0.0,0.0,0.0,0.0,0.0,0.0,0.0,0.0,0.0,0.0,0.0,0.0,0.0,0.0,0.0,0.0,0.0,0.0,0.0,0.0
R_ICS_C_30_Q1,DIS,2,0.0,0.0,0.0,0.0,0.0,0.0,0.0,0.0,0.0,0.0,0.0,0.0,0.0,0.0,0.0,0.0,0.0,0.0,0.0,0.0,0.0,0.0,0.0,0.0,0.0,0.0,0.0,0.0,0.0,0.0,9.252065195666142e-05,9.191149267750437e-05,9.138198769389902e-05,9.093074098918251e-05,9.055655895885502e-05,0.0001605081348691,0.0001600118971964,0.0001596820948823,0.0001595175336049,0.0001595175336049,0.000278841746198,0.000278841746198,0.000278841746198,0.000278841746198,0.000278841746198,0.000476028697105,0.000476028697105,0.000476028697105,0.000476028697105,0.000476028697105,0.0007872168885739,0.0007872168885739,0.0007872168885739,0.0007872168885739,0.0007872168885739,0.0012611390215618,0.0012611390215618,0.0012611390215618,0.0012611390215618,0.0012611390215618,0.0019612252697084,0.0019612252697084,0.0019612252697084,0.0019612252697084,0.0019612252697084,0.0029774062035332,0.0029774062035332,0.0029774062035332,0.0029774062035332,0.0029774062035332,0.004437962856271,0.004437962856271,0.004437962856271,0.004437962856271,0.004437962856271,0.0065323975730443,0.0065323975730443,0.0065323975730443,0.0065323975730443,0.0065323975730443,0.0095502861837562,0.0095502861837562,0.0095502861837562,0.0095502861837562,0.0095502861837562,0.0139294491620368,0.0139294491620368,0.0139294491620368,0.0139294491620368,0.0139294491620368,0.0,0.0,0.0,0.0,0.0,0.0,0.0,0.0,0.0,0.0,0.0,0.0,0.0,0.0,0.0,0.0,0.0,0.0,0.0,0.0,0.0,0.0,0.0,0.0,0.0,0.0,0.0,0.0,0.0,0.0,0.0
R_ICS_C_30_Q2,DIS,1,0.0,0.0,0.0,0.0,0.0,0.0,0.0,0.0,0.0,0.0,0.0,0.0,0.0,0.0,0.0,0.0,0.0,0.0,0.0,0.0,0.0,0.0,0.0,0.0,0.0,0.0,0.0,0.0,0.0,0.0,5.527045070403095e-05,5.470186061916987e-05,5.420946245200442e-05,5.379120600850833e-05,5.344534820836868e-05,9.277452230164952e-05,9.25297811164811e-05,9.236705074804232e-05,9.228582865922686e-05,9.228582865922686e-05,0.0001602486419224,0.0001602486419224,0.0001602486419224,0.0001602486419224,0.0001602486419224,0.0002759412584823,0.0002759412584823,0.0002759412584823,0.0002759412584823,0.0002759412584823,0.0004707305284631,0.0004707305284631,0.0004707305284631,0.0004707305284631,0.0004707305284631,0.0007947976501933,0.0007947976501933,0.0007947976501933,0.0007947976501933,0.0007947976501933,0.001326301856715,0.001326301856715,0.001326301856715,0.001326301856715,0.001326301856715,0.0021924450286657,0.0021924450286657,0.0021924450286657,0.0021924450286657,0.0021924450286657,0.0036035512044247,0.0036035512044247,0.0036035512044247,0.0036035512044247,0.0036035512044247,0.0059170097190398,0.0059170097190398,0.0059170097190398,0.0059170097190398,0.0059170097190398,0.0097506570920276,0.0097506570920276,0.0097506570920276,0.0097506570920276,0.0097506570920276,0.0161011338008103,0.0161011338008103,0.0161011338008103,0.0161011338008103,0.0161011338008103,0.0,0.0,0.0,0.0,0.0,0.0,0.0,0.0,0.0,0.0,0.0,0.0,0.0,0.0,0.0,0.0,0.0,0.0,0.0,0.0,0.0,0.0,0.0,0.0,0.0,0.0,0.0,0.0,0.0,0.0,0.0
R_ICS_C_30_Q2,DIS,2,0.0,0.0,0.0,0.0,0.0,0.0,0.0,0.0,0.0,0.0,0.0,0.0,0.0,0.0,0.0,0.0,0.0,0.0,0.0,0.0,0.0,0.0,0.0,0.0,0.0,0.0,0.0,0.0,0.0,0.0,2.0479849224250716e-05,2.086129012562928e-05,2.120126726948028e-05,2.1497425351837968e-05,2.174767125250766e-05,3.3202702534613225e-05,3.337630893114316e-05,3.349265168400521e-05,3.355102583354952e-05,3.355102583354952e-05,5.1277723739941984e-05,5.1277723739941984e-05,5.1277723739941984e-05,5.1277723739941984e-05,5.1277723739941984e-05,8.002569591893358e-05,8.002569591893358e-05,8.002569591893358e-05,8.002569591893358e-05,8.002569591893358e-05,0.0001291600360267,0.0001291600360267,0.0001291600360267,0.0001291600360267,0.0001291600360267,0.0002144143848892,0.0002144143848892,0.0002144143848892,0.0002144143848892,0.0002144143848892,0.0003660161295708,0.0003660161295708,0.0003660161295708,0.0003660161295708,0.0003660161295708,0.0006456018043998,0.0006456018043998,0.0006456018043998,0.0006456018043998,0.0006456018043998,0.0011719301280284,0.0011719301280284,0.0011719301280284,0.0011719301280284,0.0011719301280284,0.0021781472462341,0.0021781472462341,0.0021781472462341,0.0021781472462341,0.0021781472462341,0.0041219790762876,0.0041219790762876,0.0041219790762876,0.0041219790762876,0.0041219790762876,0.0078606109557998,0.0078606109557998,0.0078606109557998,0.0078606109557998,0.0078606109557998,0.0,0.0,0.0,0.0,0.0,0.0,0.0,0.0,0.0,0.0,0.0,0.0,0.0,0.0,0.0,0.0,0.0,0.0,0.0,0.0,0.0,0.0,0.0,0.0,0.0,0.0,0.0,0.0,0.0,0.0,0.0
R_ICS_C_30_Q3,DIS,1,0.0,0.0,0.0,0.0,0.0,0.0,0.0,0.0,0.0,0.0,0.0,0.0,0.0,0.0,0.0,0.0,0.0,0.0,0.0,0.0,0.0,0.0,0.0,0.0,0.0,0.0,0.0,0.0,0.0,0.0,2.213856497075226e-05,2.1909872231013164e-05,2.1711833192568e-05,2.1543619761928085e-05,2.1404527937498585e-05,4.333262986306498e-05,4.32734728278272e-05,4.323408864451428e-05,4.321441447508353e-05,4.321441447508353e-05,8.335324056225521e-05,8.335324056225521e-05,8.335324056225521e-05,8.335324056225521e-05,8.335324056225521e-05,0.0001505124862025,0.0001505124862025,0.0001505124862025,0.0001505124862025,0.0001505124862025,0.0002581545556509,0.0002581545556509,0.0002581545556509,0.0002581545556509,0.0002581545556509,0.0004264458558908,0.0004264458558908,0.0004264458558908,0.0004264458558908,0.0004264458558908,0.0006857251071562,0.0006857251071562,0.0006857251071562,0.0006857251071562,0.0006857251071562,0.0010849655554785,0.0010849655554785,0.0010849655554785,0.0010849655554785,0.0010849655554785,0.001700690549056,0.001700690549056,0.001700690549056,0.001700690549056,0.001700690549056,0.002652109013079,0.002652109013079,0.002652109013079,0.002652109013079,0.002652109013079,0.0041346793000606,0.0041346793000606,0.0041346793000606,0.0041346793000606,0.0041346793000606,0.0064505941615857,0.0064505941615857,0.0064505941615857,0.0064505941615857,0.0064505941615857,0.0,0.0,0.0,0.0,0.0,0.0,0.0,0.0,0.0,0.0,0.0,0.0,0.0,0.0,0.0,0.0,0.0,0.0,0.0,0.0,0.0,0.0,0.0,0.0,0.0,0.0,0.0,0.0,0.0,0.0,0.0
R_ICS_C_30_Q3,DIS,2,0.0,0.0,0.0,0.0,0.0,0.0,0.0,0.0,0.0,0.0,0.0,0.0,0.0,0.0,0.0,0.0,0.0,0.0,0.0,0.0,0.0,0.0,0.0,0.0,0.0,0.0,0.0,0.0,0.0,0.0,1.1923365191505783e-05,1.1886233613920082e-05,1.1853844663843507e-05,1.1826158355547467e-05,1.1803140319664412e-05,2.1093266957136497e-05,2.106121712067823e-05,2.103988302812313e-05,2.102922678709729e-05,2.102922678709729e-05,3.677982817393409e-05,3.677982817393409e-05,3.677982817393409e-05,3.677982817393409e-05,3.677982817393409e-05,6.292152024664587e-05,6.292152024664587e-05,6.292152024664587e-05,6.292152024664587e-05,6.292152024664587e-05,0.0001049525978618,0.0001049525978618,0.0001049525978618,0.0001049525978618,0.0001049525978618,0.0001715896050888,0.0001715896050888,0.0001715896050888,0.0001715896050888,0.0001715896050888,0.0002777916689711,0.0002777916689711,0.0002777916689711,0.0002777916689711,0.0002777916689711,0.0004522726778305,0.0004522726778305,0.0004522726778305,0.0004522726778305,0.0004522726778305,0.0007456262442531,0.0007456262442531,0.0007456262442531,0.0007456262442531,0.0007456262442531,0.0012432206150232,0.0012432206150232,0.0012432206150232,0.0012432206150232,0.0012432206150232,0.0020944821207951,0.0020944821207951,0.0020944821207951,0.0020944821207951,0.0020944821207951,0.0035460159335494,0.0035460159335494,0.0035460159335494,0.0035460159335494,0.0035460159335494,0.0,0.0,0.0,0.0,0.0,0.0,0.0,0.0,0.0,0.0,0.0,0.0,0.0,0.0,0.0,0.0,0.0,0.0,0.0,0.0,0.0,0.0,0.0,0.0,0.0,0.0,0.0,0.0,0.0,0.0,0.0
R_ICS_C_40_LIV,DECR,1,0.0,0.0,0.0,0.0,0.0,0.0,0.0,0.0,0.0,0.0,0.0,0.0,0.0,0.0,0.0,0.0,0.0,0.0,0.0,0.0,0.0,0.0,0.0,0.0,0.0,0.0,0.0,0.0,0.0,0.0,0.0,0.0,0.0,0.0,0.0,0.0,0.0,0.0,0.0,0.0,0.0318163475506702,0.03181000333411354,0.03180283995280733,0.03179485119810014,0.031786037451346096,0.0327845663978037,0.0327687677194047,0.0327518585279973,0.0327338737757982,0.0327148581921784,0.0343241459864206,0.0342954763980286,0.0342670935055204,0.0342389944419373,0.0342111763689901,0.0368381736477673,0.0367950718324498,0.0367524010352855,0.036710156946092795,0.036668335297791996,0.0409690420375278,0.0409027436638249,0.0408371082738591,0.0407721292377929,0.0407077999920874,0.047750442741672394,0.047646581014796,0.0475437579051883,0.0474419630266767,0.0473411860969503,0.0588266610809508,0.0586618451097279,0.0584986772982172,0.058337141164821596,0.058177220392759896,0.07683171434428229,0.0765680258679642,0.0763069742764092,0.07604853320076971,0.0757926765358867,0.10614213519913679,0.10571771533456589,0.1052975396686407,0.1048815657593748,0.10446975158920149,0.1538049265003018,0.153120226599204,0.1524423736971172,0.1517712993240513,0.151106935694716,0.0,0.0,0.0,0.0,0.0,0.0,0.0,0.0,0.0,0.0,0.0,0.0,0.0,0.0,0.0,0.0,0.0,0.0,0.0,0.0,0.0,0.0,0.0,0.0,0.0,0.0,0.0,0.0,0.0,0.0,0.0
R_ICS_C_40_LIV,DECR,2,0.0,0.0,0.0,0.0,0.0,0.0,0.0,0.0,0.0,0.0,0.0,0.0,0.0,0.0,0.0,0.0,0.0,0.0,0.0,0.0,0.0,0.0,0.0,0.0,0.0,0.0,0.0,0.0,0.0,0.0,0.0,0.0,0.0,0.0,0.0,0.0,0.0,0.0,0.0,0.0,0.031127707557123706,0.031127468265486784,0.031126347873078376,0.03112433039295007,0.03112140699588172,0.031689954639878094,0.031681943856428633,0.03167309522203151,0.031663433022144076,0.031652988451055276,0.0325251485017837,0.0325101103119904,0.0324952225040952,0.032480483574278796,0.0324658920337607,0.0338134551819309,0.033791792060227,0.033770345569740096,0.0337491135441581,0.0337280938388319,0.0358205358160673,0.0357883807885891,0.0357565473113857,0.035725032168954396,0.0356938321779473,0.038991956069013095,0.038942789315180595,0.0388941142288865,0.0388459258934552,0.038798219441378304,0.0440773455982203,0.044000127334523596,0.043923681253463895,0.0438479996332148,0.0437730748291682,0.052346153231154297,0.052222229353185795,0.052099544713997,0.0519780869212,0.051857843706330994,0.065980898262852,0.0657787567540319,0.0655786366603,0.06538051776750539,0.06518438006363869,0.0885369451065452,0.0882049364159936,0.0878762478123476,0.0875508460947379,0.08722869839430439,0.0,0.0,0.0,0.0,0.0,0.0,0.0,0.0,0.0,0.0,0.0,0.0,0.0,0.0,0.0,0.0,0.0,0.0,0.0,0.0,0.0,0.0,0.0,0.0,0.0,0.0,0.0,0.0,0.0,0.0,0.0
R_ICS_C_40_Q1,DIS,1,0.0,0.0,0.0,0.0,0.0,0.0,0.0,0.0,0.0,0.0,0.0,0.0,0.0,0.0,0.0,0.0,0.0,0.0,0.0,0.0,0.0,0.0,0.0,0.0,0.0,0.0,0.0,0.0,0.0,0.0,0.0,0.0,0.0,0.0,0.0,0.0,0.0,0.0,0.0,0.0,0.0002418515140301,0.0002386065198681,0.0002358052466522,0.0002334323444652,0.0002314748246879,0.0004103848546825,0.0004081156013963,0.0004066111312077,0.0004058616691396,0.0004058616691396,0.0007283020630983,0.0007283020630983,0.0007283020630983,0.0007283020630983,0.0007283020630983,0.001306748609934,0.001306748609934,0.001306748609934,0.001306748609934,0.001306748609934,0.0023271777033711,0.0023271777033711,0.0023271777033711,0.0023271777033711,0.0023271777033711,0.0040868594698861,0.0040868594698861,0.0040868594698861,0.0040868594698861,0.0040868594698861,0.0070408222051758,0.0070408222051758,0.0070408222051758,0.0070408222051758,0.0070408222051758,0.0118937479803475,0.0118937479803475,0.0118937479803475,0.0118937479803475,0.0118937479803475,0.0198148123499588,0.0198148123499588,0.0198148123499588,0.0198148123499588,0.0198148123499588,0.0327832084281273,0.0327832084281273,0.0327832084281273,0.0327832084281273,0.0327832084281273,0.0,0.0,0.0,0.0,0.0,0.0,0.0,0.0,0.0,0.0,0.0,0.0,0.0,0.0,0.0,0.0,0.0,0.0,0.0,0.0,0.0,0.0,0.0,0.0,0.0,0.0,0.0,0.0,0.0,0.0,0.0
R_ICS_C_40_Q1,DIS,2,0.0,0.0,0.0,0.0,0.0,0.0,0.0,0.0,0.0,0.0,0.0,0.0,0.0,0.0,0.0,0.0,0.0,0.0,0.0,0.0,0.0,0.0,0.0,0.0,0.0,0.0,0.0,0.0,0.0,0.0,0.0,0.0,0.0,0.0,0.0,0.0,0.0,0.0,0.0,0.0,0.0002902936034539,0.0002877054010132,0.0002854609153072,0.0002835520789715,0.0002819720187882,0.0004791501466831,0.0004775863046088,0.0004765471459199,0.000476028697105,0.000476028697105,0.0007872168885739,0.0007872168885739,0.0007872168885739,0.0007872168885739,0.0007872168885739,0.0012611390215618,0.0012611390215618,0.0012611390215618,0.0012611390215618,0.0012611390215618,0.0019612252697084,0.0019612252697084,0.0019612252697084,0.0019612252697084,0.0019612252697084,0.0029774062035332,0.0029774062035332,0.0029774062035332,0.0029774062035332,0.0029774062035332,0.004437962856271,0.004437962856271,0.004437962856271,0.004437962856271,0.004437962856271,0.0065323975730443,0.0065323975730443,0.0065323975730443,0.0065323975730443,0.0065323975730443,0.0095502861837562,0.0095502861837562,0.0095502861837562,0.0095502861837562,0.0095502861837562,0.0139294491620368,0.0139294491620368,0.0139294491620368,0.0139294491620368,0.0139294491620368,0.0,0.0,0.0,0.0,0.0,0.0,0.0,0.0,0.0,0.0,0.0,0.0,0.0,0.0,0.0,0.0,0.0,0.0,0.0,0.0,0.0,0.0,0.0,0.0,0.0,0.0,0.0,0.0,0.0,0.0,0.0
R_ICS_C_40_Q2,DIS,1,0.0,0.0,0.0,0.0,0.0,0.0,0.0,0.0,0.0,0.0,0.0,0.0,0.0,0.0,0.0,0.0,0.0,0.0,0.0,0.0,0.0,0.0,0.0,0.0,0.0,0.0,0.0,0.0,0.0,0.0,0.0,0.0,0.0,0.0,0.0,0.0,0.0,0.0,0.0,0.0,0.0001633933923252,0.0001626888247791,0.0001620749865671,0.000161550824724,0.0001611154358347,0.0002763475217529,0.0002761442988005,0.0002760089164642,0.0002759412584823,0.0002759412584823,0.0004707305284631,0.0004707305284631,0.0004707305284631,0.0004707305284631,0.0004707305284631,0.0007947976501933,0.0007947976501933,0.0007947976501933,0.0007947976501933,0.0007947976501933,0.001326301856715,0.001326301856715,0.001326301856715,0.001326301856715,0.001326301856715,0.0021924450286657,0.0021924450286657,0.0021924450286657,0.0021924450286657,0.0021924450286657,0.0036035512044247,0.0036035512044247,0.0036035512044247,0.0036035512044247,0.0036035512044247,0.0059170097190398,0.0059170097190398,0.0059170097190398,0.0059170097190398,0.0059170097190398,0.0097506570920276,0.0097506570920276,0.0097506570920276,0.0097506570920276,0.0097506570920276,0.0161011338008103,0.0161011338008103,0.0161011338008103,0.0161011338008103,0.0161011338008103,0.0,0.0,0.0,0.0,0.0,0.0,0.0,0.0,0.0,0.0,0.0,0.0,0.0,0.0,0.0,0.0,0.0,0.0,0.0,0.0,0.0,0.0,0.0,0.0,0.0,0.0,0.0,0.0,0.0,0.0,0.0
R_ICS_C_40_Q2,DIS,2,0.0,0.0,0.0,0.0,0.0,0.0,0.0,0.0,0.0,0.0,0.0,0.0,0.0,0.0,0.0,0.0,0.0,0.0,0.0,0.0,0.0,0.0,0.0,0.0,0.0,0.0,0.0,0.0,0.0,0.0,0.0,0.0,0.0,0.0,0.0,0.0,0.0,0.0,0.0,0.0,4.915251746728457e-05,4.9616403719143525e-05,5.002613495257221e-05,5.038023334011033e-05,5.06774039991142e-05,7.969887914534567e-05,7.9862083221194e-05,7.99711087401407e-05,8.002569591893358e-05,8.002569591893358e-05,0.0001291600360267,0.0001291600360267,0.0001291600360267,0.0001291600360267,0.0001291600360267,0.0002144143848892,0.0002144143848892,0.0002144143848892,0.0002144143848892,0.0002144143848892,0.0003660161295708,0.0003660161295708,0.0003660161295708,0.0003660161295708,0.0003660161295708,0.0006456018043998,0.0006456018043998,0.0006456018043998,0.0006456018043998,0.0006456018043998,0.0011719301280284,0.0011719301280284,0.0011719301280284,0.0011719301280284,0.0011719301280284,0.0021781472462341,0.0021781472462341,0.0021781472462341,0.0021781472462341,0.0021781472462341,0.0041219790762876,0.0041219790762876,0.0041219790762876,0.0041219790762876,0.0041219790762876,0.0078606109557998,0.0078606109557998,0.0078606109557998,0.0078606109557998,0.0078606109557998,0.0,0.0,0.0,0.0,0.0,0.0,0.0,0.0,0.0,0.0,0.0,0.0,0.0,0.0,0.0,0.0,0.0,0.0,0.0,0.0,0.0,0.0,0.0,0.0,0.0,0.0,0.0,0.0,0.0,0.0,0.0
R_ICS_C_40_Q3,DIS,1,0.0,0.0,0.0,0.0,0.0,0.0,0.0,0.0,0.0,0.0,0.0,0.0,0.0,0.0,0.0,0.0,0.0,0.0,0.0,0.0,0.0,0.0,0.0,0.0,0.0,0.0,0.0,0.0,0.0,0.0,0.0,0.0,0.0,0.0,0.0,0.0,0.0,0.0,0.0,0.0,8.316090768940207e-05,8.320360674163839e-05,8.324098759573282e-05,8.327304272274177e-05,8.329976561529346e-05,0.0001503035945349,0.0001504079960467,0.0001504776453997,0.0001505124862025,0.0001505124862025,0.0002581545556509,0.0002581545556509,0.0002581545556509,0.0002581545556509,0.0002581545556509,0.0004264458558908,0.0004264458558908,0.0004264458558908,0.0004264458558908,0.0004264458558908,0.0006857251071562,0.0006857251071562,0.0006857251071562,0.0006857251071562,0.0006857251071562,0.0010849655554785,0.0010849655554785,0.0010849655554785,0.0010849655554785,0.0010849655554785,0.001700690549056,0.001700690549056,0.001700690549056,0.001700690549056,0.001700690549056,0.002652109013079,0.002652109013079,0.002652109013079,0.002652109013079,0.002652109013079,0.0041346793000606,0.0041346793000606,0.0041346793000606,0.0041346793000606,0.0041346793000606,0.0064505941615857,0.0064505941615857,0.0064505941615857,0.0064505941615857,0.0064505941615857,0.0,0.0,0.0,0.0,0.0,0.0,0.0,0.0,0.0,0.0,0.0,0.0,0.0,0.0,0.0,0.0,0.0,0.0,0.0,0.0,0.0,0.0,0.0,0.0,0.0,0.0,0.0,0.0,0.0,0.0,0.0
R_ICS_C_40_Q3,DIS,2,0.0,0.0,0.0,0.0,0.0,0.0,0.0,0.0,0.0,0.0,0.0,0.0,0.0,0.0,0.0,0.0,0.0,0.0,0.0,0.0,0.0,0.0,0.0,0.0,0.0,0.0,0.0,0.0,0.0,0.0,0.0,0.0,0.0,0.0,0.0,0.0,0.0,0.0,0.0,0.0,3.76252531244241e-05,3.743557760114148e-05,3.727044818250402e-05,3.712953301566215e-05,3.7012547696309344e-05,6.316449868445028e-05,6.304286638094302e-05,6.296193432557097e-05,6.292152024664587e-05,6.292152024664587e-05,0.0001049525978618,0.0001049525978618,0.0001049525978618,0.0001049525978618,0.0001049525978618,0.0001715896050888,0.0001715896050888,0.0001715896050888,0.0001715896050888,0.0001715896050888,0.0002777916689711,0.0002777916689711,0.0002777916689711,0.0002777916689711,0.0002777916689711,0.0004522726778305,0.0004522726778305,0.0004522726778305,0.0004522726778305,0.0004522726778305,0.0007456262442531,0.0007456262442531,0.0007456262442531,0.0007456262442531,0.0007456262442531,0.0012432206150232,0.0012432206150232,0.0012432206150232,0.0012432206150232,0.0012432206150232,0.0020944821207951,0.0020944821207951,0.0020944821207951,0.0020944821207951,0.0020944821207951,0.0035460159335494,0.0035460159335494,0.0035460159335494,0.0035460159335494,0.0035460159335494,0.0,0.0,0.0,0.0,0.0,0.0,0.0,0.0,0.0,0.0,0.0,0.0,0.0,0.0,0.0,0.0,0.0,0.0,0.0,0.0,0.0,0.0,0.0,0.0,0.0,0.0,0.0,0.0,0.0,0.0,0.0
R_ICS_C_50_LIV,DECR,1,0.0,0.0,0.0,0.0,0.0,0.0,0.0,0.0,0.0,0.0,0.0,0.0,0.0,0.0,0.0,0.0,0.0,0.0,0.0,0.0,0.0,0.0,0.0,0.0,0.0,0.0,0.0,0.0,0.0,0.0,0.0,0.0,0.0,0.0,0.0,0.0,0.0,0.0,0.0,0.0,0.0,0.0,0.0,0.0,0.0,0.0,0.0,0.0,0.0,0.0,0.0345591665928739,0.0345427313068582,0.0345247240092036,0.0345050954872137,0.034483817783157,0.0372758215240731,0.0372372873052416,0.0371960972274523,0.0371523261730968,0.037106082832526,0.0416699972089022,0.0415966892834856,0.0415241144373232,0.0414522653396224,0.0413811347328986,0.0488485453118531,0.048733702559274894,0.0486200082342224,0.0485074508524205,0.0483960190444366,0.0605692167561717,0.060386975228196596,0.0602065561155012,0.0600279411939327,0.05985111242158,0.0796196228672799,0.0793280553057317,0.07903940341979909,0.0787536380527257,0.0784707303393231,0.110629414181852,0.110160121527454,0.1096955217995999,0.1092355680690244,0.1087802138757546,0.16104407747352398,0.160286986062694,0.1595374655659723,0.1587954402742178,0.1580608352353808,0.0,0.0,0.0,0.0,0.0,0.0,0.0,0.0,0.0,0.0,0.0,0.0,0.0,0.0,0.0,0.0,0.0,0.0,0.0,0.0,0.0,0.0,0.0,0.0,0.0,0.0,0.0,0.0,0.0,0.0,0.0
R_ICS_C_50_LIV,DECR,2,0.0,0.0,0.0,0.0,0.0,0.0,0.0,0.0,0.0,0.0,0.0,0.0,0.0,0.0,0.0,0.0,0.0,0.0,0.0,0.0,0.0,0.0,0.0,0.0,0.0,0.0,0.0,0.0,0.0,0.0,0.0,0.0,0.0,0.0,0.0,0.0,0.0,0.0,0.0,0.0,0.0,0.0,0.0,0.0,0.0,0.0,0.0,0.0,0.0,0.0,0.0326455974149757,0.0326376931481918,0.0326288367601088,0.0326190163492167,0.0326082293629025,0.0340333502411792,0.0340140271717091,0.033993343316474696,0.033971349329536396,0.0339481072663564,0.036160502417624196,0.036124947724130496,0.0360897485775717,0.0360549014224785,0.0360204027389362,0.0395117831542603,0.0394574181295754,0.0394035967551372,0.0393503135944435,0.0392975632653567,0.04489375387854,0.0448083715320402,0.044723843009005296,0.044640159771200796,0.0445573133657743,0.0536563676190387,0.053519341597191294,0.0533836858355624,0.053249386631549794,0.0531164304195774,0.0681180869756848,0.0678945735797363,0.0676732953177473,0.0674542298383782,0.06723735501380279,0.0920471851861353,0.09168007409478779,0.0913166341143538,0.0909568285337241,0.0906006210089007,0.0,0.0,0.0,0.0,0.0,0.0,0.0,0.0,0.0,0.0,0.0,0.0,0.0,0.0,0.0,0.0,0.0,0.0,0.0,0.0,0.0,0.0,0.0,0.0,0.0,0.0,0.0,0.0,0.0,0.0,0.0
R_ICS_C_50_Q1,DIS,1,0.0,0.0,0.0,0.0,0.0,0.0,0.0,0.0,0.0,0.0,0.0,0.0,0.0,0.0,0.0,0.0,0.0,0.0,0.0,0.0,0.0,0.0,0.0,0.0,0.0,0.0,0.0,0.0,0.0,0.0,0.0,0.0,0.0,0.0,0.0,0.0,0.0,0.0,0.0,0.0,0.0,0.0,0.0,0.0,0.0,0.0,0.0,0.0,0.0,0.0,0.000782762274596,0.000770289384817,0.0007595495113672,0.000750472256071,0.0007429982773516,0.0013232107315075,0.0013149481768158,0.0013094742030594,0.001306748609934,0.001306748609934,0.0023271777033711,0.0023271777033711,0.0023271777033711,0.0023271777033711,0.0023271777033711,0.0040868594698861,0.0040868594698861,0.0040868594698861,0.0040868594698861,0.0040868594698861,0.0070408222051758,0.0070408222051758,0.0070408222051758,0.0070408222051758,0.0070408222051758,0.0118937479803475,0.0118937479803475,0.0118937479803475,0.0118937479803475,0.0118937479803475,0.0198148123499588,0.0198148123499588,0.0198148123499588,0.0198148123499588,0.0198148123499588,0.0327832084281273,0.0327832084281273,0.0327832084281273,0.0327832084281273,0.0327832084281273,0.0,0.0,0.0,0.0,0.0,0.0,0.0,0.0,0.0,0.0,0.0,0.0,0.0,0.0,0.0,0.0,0.0,0.0,0.0,0.0,0.0,0.0,0.0,0.0,0.0,0.0,0.0,0.0,0.0,0.0,0.0
R_ICS_C_50_Q1,DIS,2,0.0,0.0,0.0,0.0,0.0,0.0,0.0,0.0,0.0,0.0,0.0,0.0,0.0,0.0,0.0,0.0,0.0,0.0,0.0,0.0,0.0,0.0,0.0,0.0,0.0,0.0,0.0,0.0,0.0,0.0,0.0,0.0,0.0,0.0,0.0,0.0,0.0,0.0,0.0,0.0,0.0,0.0,0.0,0.0,0.0,0.0,0.0,0.0,0.0,0.0,0.0008166612736012,0.000810016438002,0.000804249514851,0.0007993416301689,0.0007952766846617,0.0012679778856329,0.00126455280244,0.0012622755815729,0.0012611390215618,0.0012611390215618,0.0019612252697084,0.0019612252697084,0.0019612252697084,0.0019612252697084,0.0019612252697084,0.0029774062035332,0.0029774062035332,0.0029774062035332,0.0029774062035332,0.0029774062035332,0.004437962856271,0.004437962856271,0.004437962856271,0.004437962856271,0.004437962856271,0.0065323975730443,0.0065323975730443,0.0065323975730443,0.0065323975730443,0.0065323975730443,0.0095502861837562,0.0095502861837562,0.0095502861837562,0.0095502861837562,0.0095502861837562,0.0139294491620368,0.0139294491620368,0.0139294491620368,0.0139294491620368,0.0139294491620368,0.0,0.0,0.0,0.0,0.0,0.0,0.0,0.0,0.0,0.0,0.0,0.0,0.0,0.0,0.0,0.0,0.0,0.0,0.0,0.0,0.0,0.0,0.0,0.0,0.0,0.0,0.0,0.0,0.0,0.0,0.0
R_ICS_C_50_Q2,DIS,1,0.0,0.0,0.0,0.0,0.0,0.0,0.0,0.0,0.0,0.0,0.0,0.0,0.0,0.0,0.0,0.0,0.0,0.0,0.0,0.0,0.0,0.0,0.0,0.0,0.0,0.0,0.0,0.0,0.0,0.0,0.0,0.0,0.0,0.0,0.0,0.0,0.0,0.0,0.0,0.0,0.0,0.0,0.0,0.0,0.0,0.0,0.0,0.0,0.0,0.0,0.0004699748339925,0.000470142652448,0.0004702895460305,0.000470415494155,0.0004705204790339,0.0007931711514697,0.0007939838918081,0.0007945262738952,0.0007947976501933,0.0007947976501933,0.001326301856715,0.001326301856715,0.001326301856715,0.001326301856715,0.001326301856715,0.0021924450286657,0.0021924450286657,0.0021924450286657,0.0021924450286657,0.0021924450286657,0.0036035512044247,0.0036035512044247,0.0036035512044247,0.0036035512044247,0.0036035512044247,0.0059170097190398,0.0059170097190398,0.0059170097190398,0.0059170097190398,0.0059170097190398,0.0097506570920276,0.0097506570920276,0.0097506570920276,0.0097506570920276,0.0097506570920276,0.0161011338008103,0.0161011338008103,0.0161011338008103,0.0161011338008103,0.0161011338008103,0.0,0.0,0.0,0.0,0.0,0.0,0.0,0.0,0.0,0.0,0.0,0.0,0.0,0.0,0.0,0.0,0.0,0.0,0.0,0.0,0.0,0.0,0.0,0.0,0.0,0.0,0.0,0.0,0.0,0.0,0.0
R_ICS_C_50_Q2,DIS,2,0.0,0.0,0.0,0.0,0.0,0.0,0.0,0.0,0.0,0.0,0.0,0.0,0.0,0.0,0.0,0.0,0.0,0.0,0.0,0.0,0.0,0.0,0.0,0.0,0.0,0.0,0.0,0.0,0.0,0.0,0.0,0.0,0.0,0.0,0.0,0.0,0.0,0.0,0.0,0.0,0.0,0.0,0.0,0.0,0.0,0.0,0.0,0.0,0.0,0.0,0.0001273107535533,0.0001277192124611,0.0001280777606788,0.0001283859504867,0.0001286433933168,0.0002141714313417,0.0002142928660342,0.0002143738683979,0.0002144143848892,0.0002144143848892,0.0003660161295708,0.0003660161295708,0.0003660161295708,0.0003660161295708,0.0003660161295708,0.0006456018043998,0.0006456018043998,0.0006456018043998,0.0006456018043998,0.0006456018043998,0.0011719301280284,0.0011719301280284,0.0011719301280284,0.0011719301280284,0.0011719301280284,0.0021781472462341,0.0021781472462341,0.0021781472462341,0.0021781472462341,0.0021781472462341,0.0041219790762876,0.0041219790762876,0.0041219790762876,0.0041219790762876,0.0041219790762876,0.0078606109557998,0.0078606109557998,0.0078606109557998,0.0078606109557998,0.0078606109557998,0.0,0.0,0.0,0.0,0.0,0.0,0.0,0.0,0.0,0.0,0.0,0.0,0.0,0.0,0.0,0.0,0.0,0.0,0.0,0.0,0.0,0.0,0.0,0.0,0.0,0.0,0.0,0.0,0.0,0.0,0.0
R_ICS_C_50_Q3,DIS,1,0.0,0.0,0.0,0.0,0.0,0.0,0.0,0.0,0.0,0.0,0.0,0.0,0.0,0.0,0.0,0.0,0.0,0.0,0.0,0.0,0.0,0.0,0.0,0.0,0.0,0.0,0.0,0.0,0.0,0.0,0.0,0.0,0.0,0.0,0.0,0.0,0.0,0.0,0.0,0.0,0.0,0.0,0.0,0.0,0.0,0.0,0.0,0.0,0.0,0.0,0.0002559109191056,0.0002564076732389,0.000256843176833,0.0002572170996519,0.0002575291556444,0.0004259669172889,0.0004262063043675,0.0004263659854412,0.0004264458558908,0.0004264458558908,0.0006857251071562,0.0006857251071562,0.0006857251071562,0.0006857251071562,0.0006857251071562,0.0010849655554785,0.0010849655554785,0.0010849655554785,0.0010849655554785,0.0010849655554785,0.001700690549056,0.001700690549056,0.001700690549056,0.001700690549056,0.001700690549056,0.002652109013079,0.002652109013079,0.002652109013079,0.002652109013079,0.002652109013079,0.0041346793000606,0.0041346793000606,0.0041346793000606,0.0041346793000606,0.0041346793000606,0.0064505941615857,0.0064505941615857,0.0064505941615857,0.0064505941615857,0.0064505941615857,0.0,0.0,0.0,0.0,0.0,0.0,0.0,0.0,0.0,0.0,0.0,0.0,0.0,0.0,0.0,0.0,0.0,0.0,0.0,0.0,0.0,0.0,0.0,0.0,0.0,0.0,0.0,0.0,0.0,0.0,0.0
R_ICS_C_50_Q3,DIS,2,0.0,0.0,0.0,0.0,0.0,0.0,0.0,0.0,0.0,0.0,0.0,0.0,0.0,0.0,0.0,0.0,0.0,0.0,0.0,0.0,0.0,0.0,0.0,0.0,0.0,0.0,0.0,0.0,0.0,0.0,0.0,0.0,0.0,0.0,0.0,0.0,0.0,0.0,0.0,0.0,0.0,0.0,0.0,0.0,0.0,0.0,0.0,0.0,0.0,0.0,0.0001072594743184,0.0001067421280111,0.0001062916334012,0.0001059071248225,0.0001055878601358,0.0001721724204091,0.0001718807108064,0.0001716865672313,0.0001715896050888,0.0001715896050888,0.0002777916689711,0.0002777916689711,0.0002777916689711,0.0002777916689711,0.0002777916689711,0.0004522726778305,0.0004522726778305,0.0004522726778305,0.0004522726778305,0.0004522726778305,0.0007456262442531,0.0007456262442531,0.0007456262442531,0.0007456262442531,0.0007456262442531,0.0012432206150232,0.0012432206150232,0.0012432206150232,0.0012432206150232,0.0012432206150232,0.0020944821207951,0.0020944821207951,0.0020944821207951,0.0020944821207951,0.0020944821207951,0.0035460159335494,0.0035460159335494,0.0035460159335494,0.0035460159335494,0.0035460159335494,0.0,0.0,0.0,0.0,0.0,0.0,0.0,0.0,0.0,0.0,0.0,0.0,0.0,0.0,0.0,0.0,0.0,0.0,0.0,0.0,0.0,0.0,0.0,0.0,0.0,0.0,0.0,0.0,0.0,0.0,0.0
R_ICS_C_60_LIV,DECR,1,0.0,0.0,0.0,0.0,0.0,0.0,0.0,0.0,0.0,0.0,0.0,0.0,0.0,0.0,0.0,0.0,0.0,0.0,0.0,0.0,0.0,0.0,0.0,0.0,0.0,0.0,0.0,0.0,0.0,0.0,0.0,0.0,0.0,0.0,0.0,0.0,0.0,0.0,0.0,0.0,0.0,0.0,0.0,0.0,0.0,0.0,0.0,0.0,0.0,0.0,0.0,0.0,0.0,0.0,0.0,0.0,0.0,0.0,0.0,0.0,0.0422453698721324,0.042208625355640794,0.042167421706618,0.0421215294463919,0.0420707945167416,0.049998841038158,0.0499041021908199,0.0497996114019521,0.049685589888107895,0.049562376689767096,0.0624960082344349,0.062294498791677096,0.062095004443346896,0.0618975050385,0.061701980627701596,0.0827022895852933,0.082379895356565,0.082060725070124,0.0817447464865474,0.0814319276888066,0.1155911213040011,0.1150722115783816,0.11455849095001819,0.1140499075279385,0.1135464099400796,0.16904860473392078,0.16821146805048678,0.1673827027338872,0.1665622250704535,0.1657499521836542,0.0,0.0,0.0,0.0,0.0,0.0,0.0,0.0,0.0,0.0,0.0,0.0,0.0,0.0,0.0,0.0,0.0,0.0,0.0,0.0,0.0,0.0,0.0,0.0,0.0,0.0,0.0,0.0,0.0,0.0,0.0
R_ICS_C_60_LIV,DECR,2,0.0,0.0,0.0,0.0,0.0,0.0,0.0,0.0,0.0,0.0,0.0,0.0,0.0,0.0,0.0,0.0,0.0,0.0,0.0,0.0,0.0,0.0,0.0,0.0,0.0,0.0,0.0,0.0,0.0,0.0,0.0,0.0,0.0,0.0,0.0,0.0,0.0,0.0,0.0,0.0,0.0,0.0,0.0,0.0,0.0,0.0,0.0,0.0,0.0,0.0,0.0,0.0,0.0,0.0,0.0,0.0,0.0,0.0,0.0,0.0,0.0364339120491941,0.0364178501423507,0.0363991638259664,0.0363778422546946,0.0363538943540333,0.040054317067439,0.040010500360665696,0.039961688276090895,0.0399080288731141,0.0398497013912406,0.045796478847200894,0.0457020692510144,0.0456086037507898,0.045516072905567403,0.0454244673687972,0.055105107509058796,0.0549535940883112,0.0548035958017711,0.0546550974980964,0.0545080841774585,0.070481234998949,0.0702340901227679,0.0699894166953486,0.0697471900022035,0.0695073855759899,0.09592855366588529,0.09552262888974031,0.09512076336135669,0.094722916488257,0.0943290480838883,0.0,0.0,0.0,0.0,0.0,0.0,0.0,0.0,0.0,0.0,0.0,0.0,0.0,0.0,0.0,0.0,0.0,0.0,0.0,0.0,0.0,0.0,0.0,0.0,0.0,0.0,0.0,0.0,0.0,0.0,0.0
R_ICS_C_60_Q1,DIS,1,0.0,0.0,0.0,0.0,0.0,0.0,0.0,0.0,0.0,0.0,0.0,0.0,0.0,0.0,0.0,0.0,0.0,0.0,0.0,0.0,0.0,0.0,0.0,0.0,0.0,0.0,0.0,0.0,0.0,0.0,0.0,0.0,0.0,0.0,0.0,0.0,0.0,0.0,0.0,0.0,0.0,0.0,0.0,0.0,0.0,0.0,0.0,0.0,0.0,0.0,0.0,0.0,0.0,0.0,0.0,0.0,0.0,0.0,0.0,0.0,0.0025097211103857,0.002467854545738,0.0024318324086483,0.0024014069756208,0.0023763696667008,0.0041360581780252,0.0041113688575837,0.0040950075623908,0.0040868594698861,0.0040868594698861,0.0070408222051758,0.0070408222051758,0.0070408222051758,0.0070408222051758,0.0070408222051758,0.0118937479803475,0.0118937479803475,0.0118937479803475,0.0118937479803475,0.0118937479803475,0.0198148123499588,0.0198148123499588,0.0198148123499588,0.0198148123499588,0.0198148123499588,0.0327832084281273,0.0327832084281273,0.0327832084281273,0.0327832084281273,0.0327832084281273,0.0,0.0,0.0,0.0,0.0,0.0,0.0,0.0,0.0,0.0,0.0,0.0,0.0,0.0,0.0,0.0,0.0,0.0,0.0,0.0,0.0,0.0,0.0,0.0,0.0,0.0,0.0,0.0,0.0,0.0,0.0
R_ICS_C_60_Q1,DIS,2,0.0,0.0,0.0,0.0,0.0,0.0,0.0,0.0,0.0,0.0,0.0,0.0,0.0,0.0,0.0,0.0,0.0,0.0,0.0,0.0,0.0,0.0,0.0,0.0,0.0,0.0,0.0,0.0,0.0,0.0,0.0,0.0,0.0,0.0,0.0,0.0,0.0,0.0,0.0,0.0,0.0,0.0,0.0,0.0,0.0,0.0,0.0,0.0,0.0,0.0,0.0,0.0,0.0,0.0,0.0,0.0,0.0,0.0,0.0,0.0,0.0020164795491754,0.0020040566502091,0.0019932535805048,0.0019840437222193,0.0019764043022225,0.0029887861435918,0.0029830895406126,0.0029792990437469,0.0029774062035332,0.0029774062035332,0.004437962856271,0.004437962856271,0.004437962856271,0.004437962856271,0.004437962856271,0.0065323975730443,0.0065323975730443,0.0065323975730443,0.0065323975730443,0.0065323975730443,0.0095502861837562,0.0095502861837562,0.0095502861837562,0.0095502861837562,0.0095502861837562,0.0139294491620368,0.0139294491620368,0.0139294491620368,0.0139294491620368,0.0139294491620368,0.0,0.0,0.0,0.0,0.0,0.0,0.0,0.0,0.0,0.0,0.0,0.0,0.0,0.0,0.0,0.0,0.0,0.0,0.0,0.0,0.0,0.0,0.0,0.0,0.0,0.0,0.0,0.0,0.0,0.0,0.0
R_ICS_C_60_Q2,DIS,1,0.0,0.0,0.0,0.0,0.0,0.0,0.0,0.0,0.0,0.0,0.0,0.0,0.0,0.0,0.0,0.0,0.0,0.0,0.0,0.0,0.0,0.0,0.0,0.0,0.0,0.0,0.0,0.0,0.0,0.0,0.0,0.0,0.0,0.0,0.0,0.0,0.0,0.0,0.0,0.0,0.0,0.0,0.0,0.0,0.0,0.0,0.0,0.0,0.0,0.0,0.0,0.0,0.0,0.0,0.0,0.0,0.0,0.0,0.0,0.0,0.0012980811647223,0.0013042957428292,0.0013097595319896,0.0013144623983052,0.001318395525459,0.0021821044628435,0.0021872672777507,0.0021907172977657,0.0021924450286657,0.0021924450286657,0.0036035512044247,0.0036035512044247,0.0036035512044247,0.0036035512044247,0.0036035512044247,0.0059170097190398,0.0059170097190398,0.0059170097190398,0.0059170097190398,0.0059170097190398,0.0097506570920276,0.0097506570920276,0.0097506570920276,0.0097506570920276,0.0097506570920276,0.0161011338008103,0.0161011338008103,0.0161011338008103,0.0161011338008103,0.0161011338008103,0.0,0.0,0.0,0.0,0.0,0.0,0.0,0.0,0.0,0.0,0.0,0.0,0.0,0.0,0.0,0.0,0.0,0.0,0.0,0.0,0.0,0.0,0.0,0.0,0.0,0.0,0.0,0.0,0.0,0.0,0.0
R_ICS_C_60_Q2,DIS,2,0.0,0.0,0.0,0.0,0.0,0.0,0.0,0.0,0.0,0.0,0.0,0.0,0.0,0.0,0.0,0.0,0.0,0.0,0.0,0.0,0.0,0.0,0.0,0.0,0.0,0.0,0.0,0.0,0.0,0.0,0.0,0.0,0.0,0.0,0.0,0.0,0.0,0.0,0.0,0.0,0.0,0.0,0.0,0.0,0.0,0.0,0.0,0.0,0.0,0.0,0.0,0.0,0.0,0.0,0.0,0.0,0.0,0.0,0.0,0.0,0.000366367036659,0.0003662890258215,0.0003662207808732,0.0003661622961019,0.0003661135665757,0.0006464511268307,0.0006460262950201,0.000645743259939,0.0006456018043998,0.0006456018043998,0.0011719301280284,0.0011719301280284,0.0011719301280284,0.0011719301280284,0.0011719301280284,0.0021781472462341,0.0021781472462341,0.0021781472462341,0.0021781472462341,0.0021781472462341,0.0041219790762876,0.0041219790762876,0.0041219790762876,0.0041219790762876,0.0041219790762876,0.0078606109557998,0.0078606109557998,0.0078606109557998,0.0078606109557998,0.0078606109557998,0.0,0.0,0.0,0.0,0.0,0.0,0.0,0.0,0.0,0.0,0.0,0.0,0.0,0.0,0.0,0.0,0.0,0.0,0.0,0.0,0.0,0.0,0.0,0.0,0.0,0.0,0.0,0.0,0.0,0.0,0.0
R_ICS_C_60_Q3,DIS,1,0.0,0.0,0.0,0.0,0.0,0.0,0.0,0.0,0.0,0.0,0.0,0.0,0.0,0.0,0.0,0.0,0.0,0.0,0.0,0.0,0.0,0.0,0.0,0.0,0.0,0.0,0.0,0.0,0.0,0.0,0.0,0.0,0.0,0.0,0.0,0.0,0.0,0.0,0.0,0.0,0.0,0.0,0.0,0.0,0.0,0.0,0.0,0.0,0.0,0.0,0.0,0.0,0.0,0.0,0.0,0.0,0.0,0.0,0.0,0.0,0.0006844821606434,0.0006847581599051,0.0006849997566373,0.0006852069126137,0.0006853795948004,0.0010860860573176,0.0010855256296909,0.0010851522040626,0.0010849655554785,0.0010849655554785,0.001700690549056,0.001700690549056,0.001700690549056,0.001700690549056,0.001700690549056,0.002652109013079,0.002652109013079,0.002652109013079,0.002652109013079,0.002652109013079,0.0041346793000606,0.0041346793000606,0.0041346793000606,0.0041346793000606,0.0041346793000606,0.0064505941615857,0.0064505941615857,0.0064505941615857,0.0064505941615857,0.0064505941615857,0.0,0.0,0.0,0.0,0.0,0.0,0.0,0.0,0.0,0.0,0.0,0.0,0.0,0.0,0.0,0.0,0.0,0.0,0.0,0.0,0.0,0.0,0.0,0.0,0.0,0.0,0.0,0.0,0.0,0.0,0.0
R_ICS_C_60_Q3,DIS,2,0.0,0.0,0.0,0.0,0.0,0.0,0.0,0.0,0.0,0.0,0.0,0.0,0.0,0.0,0.0,0.0,0.0,0.0,0.0,0.0,0.0,0.0,0.0,0.0,0.0,0.0,0.0,0.0,0.0,0.0,0.0,0.0,0.0,0.0,0.0,0.0,0.0,0.0,0.0,0.0,0.0,0.0,0.0,0.0,0.0,0.0,0.0,0.0,0.0,0.0,0.0,0.0,0.0,0.0,0.0,0.0,0.0,0.0,0.0,0.0,0.0002839719044571,0.0002825857560554,0.0002813787966188,0.0002803486785955,0.000279493389598,0.0004542244628509,0.0004532472861605,0.0004525972365056,0.0004522726778305,0.0004522726778305,0.0007456262442531,0.0007456262442531,0.0007456262442531,0.0007456262442531,0.0007456262442531,0.0012432206150232,0.0012432206150232,0.0012432206150232,0.0012432206150232,0.0012432206150232,0.0020944821207951,0.0020944821207951,0.0020944821207951,0.0020944821207951,0.0020944821207951,0.0035460159335494,0.0035460159335494,0.0035460159335494,0.0035460159335494,0.0035460159335494,0.0,0.0,0.0,0.0,0.0,0.0,0.0,0.0,0.0,0.0,0.0,0.0,0.0,0.0,0.0,0.0,0.0,0.0,0.0,0.0,0.0,0.0,0.0,0.0,0.0,0.0,0.0,0.0,0.0,0.0,0.0
R_ICS_T_30_LIV,DECR,1,0.0,0.0,0.0,0.0,0.0,0.0,0.0,0.0,0.0,0.0,0.0,0.0,0.0,0.0,0.0,0.0,0.0,0.0,0.0,0.0,0.0,0.0,0.0,0.0,0.0,0.0,0.0,0.0,0.0,0.0,0.03078013615834337,0.030776816875407592,0.030773130003117655,0.0307690767616901,0.030764660496339972,0.031130697761239022,0.03112357662830735,0.031115903851230815,0.03110769680684433,0.03109897600546153,0.03166509916770887,0.03165263677365557,0.03164029900354287,0.03162808461113117,0.03161599236264367,0.0325122125796179,0.0324944888130557,0.0324769422841592,0.0324595712205516,0.03244237386758,0.0338881036481568,0.0338621753863171,0.0338365064070958,0.033811094117666696,0.033785935951131996,0.0361451550204751,0.0361061745113017,0.0360675838072199,0.036029379010179,0.0359915562611085,0.0398529768932362,0.0397930178324571,0.0397336583622858,0.0396748924868162,0.0396167142701013,0.0459390862324542,0.045845155548387695,0.0457521641711619,0.0456601027077083,0.0455689618588893,0.055879051190392104,0.055729994580342904,0.055582428536394196,0.055436338152885,0.0552917086732108,0.0720367279923783,0.0717982528610097,0.0715621624809549,0.0713284330047006,0.07109704082320889,0.098339459550267,0.0979556218324714,0.0975756224918537,0.0971994231446423,0.0968269857909029,0.1411096418562233,0.1404904115389101,0.1398773735247701,0.1392704658907715,0.1386696273331129,0.0,0.0,0.0,0.0,0.0,0.0,0.0,0.0,0.0,0.0,0.0,0.0,0.0,0.0,0.0,0.0,0.0,0.0,0.0,0.0,0.0,0.0,0.0,0.0,0.0,0.0,0.0,0.0,0.0,0.0,0.0
R_ICS_T_30_LIV,DECR,2,0.0,0.0,0.0,0.0,0.0,0.0,0.0,0.0,0.0,0.0,0.0,0.0,0.0,0.0,0.0,0.0,0.0,0.0,0.0,0.0,0.0,0.0,0.0,0.0,0.0,0.0,0.0,0.0,0.0,0.0,0.03050354409177568,0.030507654899912934,0.030510806644233498,0.03051296726867807,0.030514112924724446,0.030733486379396966,0.03073108542130436,0.030727690058041258,0.03072331587761664,0.03071798581027354,0.0310453564071075,0.0310381641701307,0.0310310438555237,0.0310239947440628,0.0310170161237165,0.031523703090352184,0.03151396806756658,0.031504330395008884,0.03149478909917678,0.03148534321630298,0.03226787539336726,0.03225427512407766,0.03224081085748096,0.03222748123355026,0.03221428490585896,0.0334233010171438,0.033403709278186096,0.0333843134566179,0.0333651115932654,0.0333461017485464,0.035223627996823,0.0351945475663504,0.035165757940182396,0.0351372562102761,0.0351090394976689,0.038069024805926596,0.0380245592750741,0.037980538399530195,0.0379369577327417,0.037893812872621,0.0426328317804379,0.0425629969668873,0.0424938605014722,0.0424254154007113,0.042357654750958,0.0500552448871883,0.049943170353288,0.049832216564726695,0.049722372314050994,0.0496136265058821,0.0622962022799617,0.062113389122769494,0.0619324040971493,0.061753228921785294,0.061575845498174894,0.0825472273383215,0.08224696462983949,0.0819497045484423,0.0816554170678591,0.0813640724620817,0.0,0.0,0.0,0.0,0.0,0.0,0.0,0.0,0.0,0.0,0.0,0.0,0.0,0.0,0.0,0.0,0.0,0.0,0.0,0.0,0.0,0.0,0.0,0.0,0.0,0.0,0.0,0.0,0.0,0.0,0.0
R_ICS_T_30_Q1,DIS,1,0.0,0.0,0.0,0.0,0.0,0.0,0.0,0.0,0.0,0.0,0.0,0.0,0.0,0.0,0.0,0.0,0.0,0.0,0.0,0.0,0.0,0.0,0.0,0.0,0.0,0.0,0.0,0.0,0.0,0.0,6.967918018913048e-05,6.901148878204132e-05,6.843285710634584e-05,6.794104559397825e-05,6.753414811570156e-05,0.000116188620066,0.0001156789488527,0.0001153406585211,0.0001151720080017,0.0001151720080017,0.0002023247557278,0.0002023247557278,0.0002023247557278,0.0002023247557278,0.0002023247557278,0.0003607659281241,0.0003607659281241,0.0003607659281241,0.0003607659281241,0.0003607659281241,0.000647379611643,0.000647379611643,0.000647379611643,0.000647379611643,0.000647379611643,0.0011615543199413,0.0011615543199413,0.0011615543199413,0.0011615543199413,0.0011615543199413,0.0020686024029965,0.0020686024029965,0.0020686024029965,0.0020686024029965,0.0020686024029965,0.0036327639732321,0.0036327639732321,0.0036327639732321,0.0036327639732321,0.0036327639732321,0.0062585086268229,0.0062585086268229,0.0062585086268229,0.0062585086268229,0.0062585086268229,0.0105722204269755,0.0105722204269755,0.0105722204269755,0.0105722204269755,0.0105722204269755,0.0176131665332967,0.0176131665332967,0.0176131665332967,0.0176131665332967,0.0176131665332967,0.0291406297138909,0.0291406297138909,0.0291406297138909,0.0291406297138909,0.0291406297138909,0.0,0.0,0.0,0.0,0.0,0.0,0.0,0.0,0.0,0.0,0.0,0.0,0.0,0.0,0.0,0.0,0.0,0.0,0.0,0.0,0.0,0.0,0.0,0.0,0.0,0.0,0.0,0.0,0.0,0.0,0.0
R_ICS_T_30_Q1,DIS,2,0.0,0.0,0.0,0.0,0.0,0.0,0.0,0.0,0.0,0.0,0.0,0.0,0.0,0.0,0.0,0.0,0.0,0.0,0.0,0.0,0.0,0.0,0.0,0.0,0.0,0.0,0.0,0.0,0.0,0.0,8.224057951703237e-05,8.16991046022261e-05,8.122843350568801e-05,8.082732532371781e-05,8.049471907453781e-05,0.0001426738976614,0.0001422327975079,0.0001419396398954,0.0001417933632043,0.0001417933632043,0.0002478593299538,0.0002478593299538,0.0002478593299538,0.0002478593299538,0.0002478593299538,0.0004231366196489,0.0004231366196489,0.0004231366196489,0.0004231366196489,0.0004231366196489,0.000699748345399,0.000699748345399,0.000699748345399,0.000699748345399,0.000699748345399,0.0011210124636105,0.0011210124636105,0.0011210124636105,0.0011210124636105,0.0011210124636105,0.0017433113508519,0.0017433113508519,0.0017433113508519,0.0017433113508519,0.0017433113508519,0.0026465832920295,0.0026465832920295,0.0026465832920295,0.0026465832920295,0.0026465832920295,0.0039448558722409,0.0039448558722409,0.0039448558722409,0.0039448558722409,0.0039448558722409,0.0058065756204838,0.0058065756204838,0.0058065756204838,0.0058065756204838,0.0058065756204838,0.0084891432744499,0.0084891432744499,0.0084891432744499,0.0084891432744499,0.0084891432744499,0.0123817325884772,0.0123817325884772,0.0123817325884772,0.0123817325884772,0.0123817325884772,0.0,0.0,0.0,0.0,0.0,0.0,0.0,0.0,0.0,0.0,0.0,0.0,0.0,0.0,0.0,0.0,0.0,0.0,0.0,0.0,0.0,0.0,0.0,0.0,0.0,0.0,0.0,0.0,0.0,0.0,0.0
R_ICS_T_30_Q2,DIS,1,0.0,0.0,0.0,0.0,0.0,0.0,0.0,0.0,0.0,0.0,0.0,0.0,0.0,0.0,0.0,0.0,0.0,0.0,0.0,0.0,0.0,0.0,0.0,0.0,0.0,0.0,0.0,0.0,0.0,0.0,4.912928951469418e-05,4.8623876105928776e-05,4.818618884622615e-05,4.781440534089629e-05,4.75069761852166e-05,8.246624204591066e-05,8.224869432576098e-05,8.210404510937094e-05,8.203184769709054e-05,8.203184769709054e-05,0.0001424432372644,0.0001424432372644,0.0001424432372644,0.0001424432372644,0.0001424432372644,0.0002452811186509,0.0002452811186509,0.0002452811186509,0.0002452811186509,0.0002452811186509,0.0004184271364116,0.0004184271364116,0.0004184271364116,0.0004184271364116,0.0004184271364116,0.0007064868001718,0.0007064868001718,0.0007064868001718,0.0007064868001718,0.0007064868001718,0.0011789349837467,0.0011789349837467,0.0011789349837467,0.0011789349837467,0.0011789349837467,0.0019488400254806,0.0019488400254806,0.0019488400254806,0.0019488400254806,0.0019488400254806,0.0032031566261553,0.0032031566261553,0.0032031566261553,0.0032031566261553,0.0032031566261553,0.005259564194702,0.005259564194702,0.005259564194702,0.005259564194702,0.005259564194702,0.008667250748469,0.008667250748469,0.008667250748469,0.008667250748469,0.008667250748469,0.0143121189340536,0.0143121189340536,0.0143121189340536,0.0143121189340536,0.0143121189340536,0.0,0.0,0.0,0.0,0.0,0.0,0.0,0.0,0.0,0.0,0.0,0.0,0.0,0.0,0.0,0.0,0.0,0.0,0.0,0.0,0.0,0.0,0.0,0.0,0.0,0.0,0.0,0.0,0.0,0.0,0.0
R_ICS_T_30_Q2,DIS,2,0.0,0.0,0.0,0.0,0.0,0.0,0.0,0.0,0.0,0.0,0.0,0.0,0.0,0.0,0.0,0.0,0.0,0.0,0.0,0.0,0.0,0.0,0.0,0.0,0.0,0.0,0.0,0.0,0.0,0.0,1.820431042155619e-05,1.854336900055936e-05,1.884557090620469e-05,1.910882253496708e-05,1.9331263335562363e-05,2.9513513364100646e-05,2.9667830161016135e-05,2.9771245941337964e-05,2.9823134074266235e-05,2.9823134074266235e-05,4.5580198879948426e-05,4.5580198879948426e-05,4.5580198879948426e-05,4.5580198879948426e-05,4.5580198879948426e-05,7.113395192794097e-05,7.113395192794097e-05,7.113395192794097e-05,7.113395192794097e-05,7.113395192794097e-05,0.0001148089209126,0.0001148089209126,0.0001148089209126,0.0001148089209126,0.0001148089209126,0.0001905905643459,0.0001905905643459,0.0001905905643459,0.0001905905643459,0.0001905905643459,0.0003253476707296,0.0003253476707296,0.0003253476707296,0.0003253476707296,0.0003253476707296,0.0005738682705776,0.0005738682705776,0.0005738682705776,0.0005738682705776,0.0005738682705776,0.0010417156693586,0.0010417156693586,0.0010417156693586,0.0010417156693586,0.0010417156693586,0.0019361308855414,0.0019361308855414,0.0019361308855414,0.0019361308855414,0.0019361308855414,0.0036639814011445,0.0036639814011445,0.0036639814011445,0.0036639814011445,0.0036639814011445,0.0069872097384887,0.0069872097384887,0.0069872097384887,0.0069872097384887,0.0069872097384887,0.0,0.0,0.0,0.0,0.0,0.0,0.0,0.0,0.0,0.0,0.0,0.0,0.0,0.0,0.0,0.0,0.0,0.0,0.0,0.0,0.0,0.0,0.0,0.0,0.0,0.0,0.0,0.0,0.0,0.0,0.0
R_ICS_T_30_Q3,DIS,1,0.0,0.0,0.0,0.0,0.0,0.0,0.0,0.0,0.0,0.0,0.0,0.0,0.0,0.0,0.0,0.0,0.0,0.0,0.0,0.0,0.0,0.0,0.0,0.0,0.0,0.0,0.0,0.0,0.0,0.0,1.967872441844645e-05,1.947544198312281e-05,1.929940728228267e-05,1.9149884232824967e-05,1.90262470555543e-05,3.851789321161331e-05,3.8465309180290845e-05,3.843030101734602e-05,3.841281286674092e-05,3.841281286674092e-05,7.40917693886713e-05,7.40917693886713e-05,7.40917693886713e-05,7.40917693886713e-05,7.40917693886713e-05,0.0001337888766244,0.0001337888766244,0.0001337888766244,0.0001337888766244,0.0001337888766244,0.0002294707161341,0.0002294707161341,0.0002294707161341,0.0002294707161341,0.0002294707161341,0.0003790629830141,0.0003790629830141,0.0003790629830141,0.0003790629830141,0.0003790629830141,0.0006095334285833,0.0006095334285833,0.0006095334285833,0.0006095334285833,0.0006095334285833,0.000964413827092,0.000964413827092,0.000964413827092,0.000964413827092,0.000964413827092,0.0015117249324942,0.0015117249324942,0.0015117249324942,0.0015117249324942,0.0015117249324942,0.002357430233848,0.002357430233848,0.002357430233848,0.002357430233848,0.002357430233848,0.0036752704889428,0.0036752704889428,0.0036752704889428,0.0036752704889428,0.0036752704889428,0.005733861476965,0.005733861476965,0.005733861476965,0.005733861476965,0.005733861476965,0.0,0.0,0.0,0.0,0.0,0.0,0.0,0.0,0.0,0.0,0.0,0.0,0.0,0.0,0.0,0.0,0.0,0.0,0.0,0.0,0.0,0.0,0.0,0.0,0.0,0.0,0.0,0.0,0.0,0.0,0.0
R_ICS_T_30_Q3,DIS,2,0.0,0.0,0.0,0.0,0.0,0.0,0.0,0.0,0.0,0.0,0.0,0.0,0.0,0.0,0.0,0.0,0.0,0.0,0.0,0.0,0.0,0.0,0.0,0.0,0.0,0.0,0.0,0.0,0.0,0.0,1.059854683689403e-05,1.0565540990151183e-05,1.053675081230534e-05,1.051214076048664e-05,1.0491680284146144e-05,1.874957062856577e-05,1.872108188504732e-05,1.870211824722056e-05,1.8692646032975373e-05,1.8692646032975373e-05,3.2693180599052525e-05,3.2693180599052525e-05,3.2693180599052525e-05,3.2693180599052525e-05,3.2693180599052525e-05,5.5930240219240775e-05,5.5930240219240775e-05,5.5930240219240775e-05,5.5930240219240775e-05,5.5930240219240775e-05,9.329119809946084e-05,9.329119809946084e-05,9.329119809946084e-05,9.329119809946084e-05,9.329119809946084e-05,0.0001525240934123,0.0001525240934123,0.0001525240934123,0.0001525240934123,0.0001525240934123,0.0002469259279743,0.0002469259279743,0.0002469259279743,0.0002469259279743,0.0002469259279743,0.0004020201580715,0.0004020201580715,0.0004020201580715,0.0004020201580715,0.0004020201580715,0.0006627788837805,0.0006627788837805,0.0006627788837805,0.0006627788837805,0.0006627788837805,0.0011050849911317,0.0011050849911317,0.0011050849911317,0.0011050849911317,0.0011050849911317,0.0018617618851512,0.0018617618851512,0.0018617618851512,0.0018617618851512,0.0018617618851512,0.0031520141631551,0.0031520141631551,0.0031520141631551,0.0031520141631551,0.0031520141631551,0.0,0.0,0.0,0.0,0.0,0.0,0.0,0.0,0.0,0.0,0.0,0.0,0.0,0.0,0.0,0.0,0.0,0.0,0.0,0.0,0.0,0.0,0.0,0.0,0.0,0.0,0.0,0.0,0.0,0.0,0.0
R_ICS_T_40_LIV,DECR,1,0.0,0.0,0.0,0.0,0.0,0.0,0.0,0.0,0.0,0.0,0.0,0.0,0.0,0.0,0.0,0.0,0.0,0.0,0.0,0.0,0.0,0.0,0.0,0.0,0.0,0.0,0.0,0.0,0.0,0.0,0.0,0.0,0.0,0.0,0.0,0.0,0.0,0.0,0.0,0.0,0.03176208023799852,0.03175617011729252,0.031749382039383385,0.031741711618998816,0.03173316078177528,0.0326915624010291,0.032676026842044396,0.032659292117656,0.0326413942853732,0.0326223787017534,0.034162236303397,0.034133566715005,0.0341051838224968,0.034077084758913696,0.0340492666859665,0.036557285634876396,0.0365141838195589,0.0364715130223946,0.0364292689332019,0.0363874472849011,0.040486908185612,0.0404206098119091,0.0403549744219433,0.0402899953858771,0.0402256661401716,0.0469321905134468,0.0468283287865704,0.046725505676962695,0.046623710798451096,0.0465229338687247,0.0574549873077667,0.0572901713365438,0.057127003525033096,0.0569654673916375,0.0568055466195758,0.0745580624873415,0.0742943740110234,0.0740333224194684,0.0737748813438289,0.0735190246789459,0.1023976742277983,0.1019732543632274,0.10155307869730221,0.1011371047880363,0.100725290617863,0.147656600234688,0.1469719003335902,0.1462940474315034,0.1456229730584375,0.1449586094291022,0.0,0.0,0.0,0.0,0.0,0.0,0.0,0.0,0.0,0.0,0.0,0.0,0.0,0.0,0.0,0.0,0.0,0.0,0.0,0.0,0.0,0.0,0.0,0.0,0.0,0.0,0.0,0.0,0.0,0.0,0.0
R_ICS_T_40_LIV,DECR,2,0.0,0.0,0.0,0.0,0.0,0.0,0.0,0.0,0.0,0.0,0.0,0.0,0.0,0.0,0.0,0.0,0.0,0.0,0.0,0.0,0.0,0.0,0.0,0.0,0.0,0.0,0.0,0.0,0.0,0.0,0.0,0.0,0.0,0.0,0.0,0.0,0.0,0.0,0.0,0.0,0.031085810737785317,0.031085828556338565,0.031084930373251433,0.031083101299024807,0.031080333443605765,0.03162084202604334,0.03161300038373847,0.031604264089921986,0.03159465792066958,0.03158421334958078,0.03241166744373236,0.03239662925393906,0.03238174144604386,0.03236700251622746,0.03235241097570936,0.0336304392917598,0.0336087761700559,0.033587329679569,0.033566097653987,0.033545077948660795,0.0355310876973728,0.035498932669894595,0.0354670991926912,0.0354355840502599,0.0354043840592528,0.038539147103928195,0.038489980350095696,0.0384413052638016,0.0383931169283703,0.0383454104762934,0.0433711767950478,0.043293958531351096,0.0432175124502914,0.0431418308300423,0.043066906025995694,0.0512401792940096,0.0511162554160411,0.0509935707768523,0.0508721129840553,0.050751869769186296,0.06422903744275871,0.0640268959339386,0.0638267758402067,0.0636286569474121,0.0634325192435454,0.0857218255452802,0.0853898168547286,0.0850611282510826,0.0847357265334729,0.0844135788330394,0.0,0.0,0.0,0.0,0.0,0.0,0.0,0.0,0.0,0.0,0.0,0.0,0.0,0.0,0.0,0.0,0.0,0.0,0.0,0.0,0.0,0.0,0.0,0.0,0.0,0.0,0.0,0.0,0.0,0.0,0.0
R_ICS_T_40_Q1,DIS,1,0.0,0.0,0.0,0.0,0.0,0.0,0.0,0.0,0.0,0.0,0.0,0.0,0.0,0.0,0.0,0.0,0.0,0.0,0.0,0.0,0.0,0.0,0.0,0.0,0.0,0.0,0.0,0.0,0.0,0.0,0.0,0.0,0.0,0.0,0.0,0.0,0.0,0.0,0.0,0.0,0.0002149791235823,0.0002120946843272,0.0002096046636908,0.0002074954173024,0.0002057553997226,0.0003647865374955,0.0003627694234634,0.000361432116629,0.0003607659281241,0.0003607659281241,0.000647379611643,0.000647379611643,0.000647379611643,0.000647379611643,0.000647379611643,0.0011615543199413,0.0011615543199413,0.0011615543199413,0.0011615543199413,0.0011615543199413,0.0020686024029965,0.0020686024029965,0.0020686024029965,0.0020686024029965,0.0020686024029965,0.0036327639732321,0.0036327639732321,0.0036327639732321,0.0036327639732321,0.0036327639732321,0.0062585086268229,0.0062585086268229,0.0062585086268229,0.0062585086268229,0.0062585086268229,0.0105722204269755,0.0105722204269755,0.0105722204269755,0.0105722204269755,0.0105722204269755,0.0176131665332967,0.0176131665332967,0.0176131665332967,0.0176131665332967,0.0176131665332967,0.0291406297138909,0.0291406297138909,0.0291406297138909,0.0291406297138909,0.0291406297138909,0.0,0.0,0.0,0.0,0.0,0.0,0.0,0.0,0.0,0.0,0.0,0.0,0.0,0.0,0.0,0.0,0.0,0.0,0.0,0.0,0.0,0.0,0.0,0.0,0.0,0.0,0.0,0.0,0.0,0.0,0.0
R_ICS_T_40_Q1,DIS,2,0.0,0.0,0.0,0.0,0.0,0.0,0.0,0.0,0.0,0.0,0.0,0.0,0.0,0.0,0.0,0.0,0.0,0.0,0.0,0.0,0.0,0.0,0.0,0.0,0.0,0.0,0.0,0.0,0.0,0.0,0.0,0.0,0.0,0.0,0.0,0.0,0.0,0.0,0.0,0.0,0.0002580387586257,0.0002557381342339,0.0002537430358286,0.0002520462924191,0.0002506417944784,0.0004259112414961,0.0004245211596522,0.0004235974630399,0.0004231366196489,0.0004231366196489,0.000699748345399,0.000699748345399,0.000699748345399,0.000699748345399,0.000699748345399,0.0011210124636105,0.0011210124636105,0.0011210124636105,0.0011210124636105,0.0011210124636105,0.0017433113508519,0.0017433113508519,0.0017433113508519,0.0017433113508519,0.0017433113508519,0.0026465832920295,0.0026465832920295,0.0026465832920295,0.0026465832920295,0.0026465832920295,0.0039448558722409,0.0039448558722409,0.0039448558722409,0.0039448558722409,0.0039448558722409,0.0058065756204838,0.0058065756204838,0.0058065756204838,0.0058065756204838,0.0058065756204838,0.0084891432744499,0.0084891432744499,0.0084891432744499,0.0084891432744499,0.0084891432744499,0.0123817325884772,0.0123817325884772,0.0123817325884772,0.0123817325884772,0.0123817325884772,0.0,0.0,0.0,0.0,0.0,0.0,0.0,0.0,0.0,0.0,0.0,0.0,0.0,0.0,0.0,0.0,0.0,0.0,0.0,0.0,0.0,0.0,0.0,0.0,0.0,0.0,0.0,0.0,0.0,0.0,0.0
R_ICS_T_40_Q2,DIS,1,0.0,0.0,0.0,0.0,0.0,0.0,0.0,0.0,0.0,0.0,0.0,0.0,0.0,0.0,0.0,0.0,0.0,0.0,0.0,0.0,0.0,0.0,0.0,0.0,0.0,0.0,0.0,0.0,0.0,0.0,0.0,0.0,0.0,0.0,0.0,0.0,0.0,0.0,0.0,0.0,0.0001452385709557,0.0001446122886925,0.0001440666547263,0.000143600733088,0.000143213720742,0.0002456422415581,0.0002454615989338,0.0002453412590793,0.0002452811186509,0.0002452811186509,0.0004184271364116,0.0004184271364116,0.0004184271364116,0.0004184271364116,0.0004184271364116,0.0007064868001718,0.0007064868001718,0.0007064868001718,0.0007064868001718,0.0007064868001718,0.0011789349837467,0.0011789349837467,0.0011789349837467,0.0011789349837467,0.0011789349837467,0.0019488400254806,0.0019488400254806,0.0019488400254806,0.0019488400254806,0.0019488400254806,0.0032031566261553,0.0032031566261553,0.0032031566261553,0.0032031566261553,0.0032031566261553,0.005259564194702,0.005259564194702,0.005259564194702,0.005259564194702,0.005259564194702,0.008667250748469,0.008667250748469,0.008667250748469,0.008667250748469,0.008667250748469,0.0143121189340536,0.0143121189340536,0.0143121189340536,0.0143121189340536,0.0143121189340536,0.0,0.0,0.0,0.0,0.0,0.0,0.0,0.0,0.0,0.0,0.0,0.0,0.0,0.0,0.0,0.0,0.0,0.0,0.0,0.0,0.0,0.0,0.0,0.0,0.0,0.0,0.0,0.0,0.0,0.0,0.0
R_ICS_T_40_Q2,DIS,2,0.0,0.0,0.0,0.0,0.0,0.0,0.0,0.0,0.0,0.0,0.0,0.0,0.0,0.0,0.0,0.0,0.0,0.0,0.0,0.0,0.0,0.0,0.0,0.0,0.0,0.0,0.0,0.0,0.0,0.0,0.0,0.0,0.0,0.0,0.0,0.0,0.0,0.0,0.0,0.0,4.369112663758629e-05,4.410346997257203e-05,4.446767551339752e-05,4.4782429635653625e-05,4.504658133254595e-05,7.084344812919614e-05,7.098851841883911e-05,7.108542999123618e-05,7.113395192794097e-05,7.113395192794097e-05,0.0001148089209126,0.0001148089209126,0.0001148089209126,0.0001148089209126,0.0001148089209126,0.0001905905643459,0.0001905905643459,0.0001905905643459,0.0001905905643459,0.0001905905643459,0.0003253476707296,0.0003253476707296,0.0003253476707296,0.0003253476707296,0.0003253476707296,0.0005738682705776,0.0005738682705776,0.0005738682705776,0.0005738682705776,0.0005738682705776,0.0010417156693586,0.0010417156693586,0.0010417156693586,0.0010417156693586,0.0010417156693586,0.0019361308855414,0.0019361308855414,0.0019361308855414,0.0019361308855414,0.0019361308855414,0.0036639814011445,0.0036639814011445,0.0036639814011445,0.0036639814011445,0.0036639814011445,0.0069872097384887,0.0069872097384887,0.0069872097384887,0.0069872097384887,0.0069872097384887,0.0,0.0,0.0,0.0,0.0,0.0,0.0,0.0,0.0,0.0,0.0,0.0,0.0,0.0,0.0,0.0,0.0,0.0,0.0,0.0,0.0,0.0,0.0,0.0,0.0,0.0,0.0,0.0,0.0,0.0,0.0
R_ICS_T_40_Q3,DIS,1,0.0,0.0,0.0,0.0,0.0,0.0,0.0,0.0,0.0,0.0,0.0,0.0,0.0,0.0,0.0,0.0,0.0,0.0,0.0,0.0,0.0,0.0,0.0,0.0,0.0,0.0,0.0,0.0,0.0,0.0,0.0,0.0,0.0,0.0,0.0,0.0,0.0,0.0,0.0,0.0,7.392080683502407e-05,7.395876154812301e-05,7.399198897398473e-05,7.40204824202149e-05,7.404423610248308e-05,0.0001336031951421,0.000133695996486,0.000133757907022,0.0001337888766244,0.0001337888766244,0.0002294707161341,0.0002294707161341,0.0002294707161341,0.0002294707161341,0.0002294707161341,0.0003790629830141,0.0003790629830141,0.0003790629830141,0.0003790629830141,0.0003790629830141,0.0006095334285833,0.0006095334285833,0.0006095334285833,0.0006095334285833,0.0006095334285833,0.000964413827092,0.000964413827092,0.000964413827092,0.000964413827092,0.000964413827092,0.0015117249324942,0.0015117249324942,0.0015117249324942,0.0015117249324942,0.0015117249324942,0.002357430233848,0.002357430233848,0.002357430233848,0.002357430233848,0.002357430233848,0.0036752704889428,0.0036752704889428,0.0036752704889428,0.0036752704889428,0.0036752704889428,0.005733861476965,0.005733861476965,0.005733861476965,0.005733861476965,0.005733861476965,0.0,0.0,0.0,0.0,0.0,0.0,0.0,0.0,0.0,0.0,0.0,0.0,0.0,0.0,0.0,0.0,0.0,0.0,0.0,0.0,0.0,0.0,0.0,0.0,0.0,0.0,0.0,0.0,0.0,0.0,0.0
R_ICS_T_40_Q3,DIS,2,0.0,0.0,0.0,0.0,0.0,0.0,0.0,0.0,0.0,0.0,0.0,0.0,0.0,0.0,0.0,0.0,0.0,0.0,0.0,0.0,0.0,0.0,0.0,0.0,0.0,0.0,0.0,0.0,0.0,0.0,0.0,0.0,0.0,0.0,0.0,0.0,0.0,0.0,0.0,0.0,3.344466944393253e-05,3.327606897879242e-05,3.312928727333691e-05,3.300402934725524e-05,3.2900042396719416e-05,5.61462210528447e-05,5.603810344972712e-05,5.5966163844951975e-05,5.5930240219240775e-05,5.5930240219240775e-05,9.329119809946084e-05,9.329119809946084e-05,9.329119809946084e-05,9.329119809946084e-05,9.329119809946084e-05,0.0001525240934123,0.0001525240934123,0.0001525240934123,0.0001525240934123,0.0001525240934123,0.0002469259279743,0.0002469259279743,0.0002469259279743,0.0002469259279743,0.0002469259279743,0.0004020201580715,0.0004020201580715,0.0004020201580715,0.0004020201580715,0.0004020201580715,0.0006627788837805,0.0006627788837805,0.0006627788837805,0.0006627788837805,0.0006627788837805,0.0011050849911317,0.0011050849911317,0.0011050849911317,0.0011050849911317,0.0011050849911317,0.0018617618851512,0.0018617618851512,0.0018617618851512,0.0018617618851512,0.0018617618851512,0.0031520141631551,0.0031520141631551,0.0031520141631551,0.0031520141631551,0.0031520141631551,0.0,0.0,0.0,0.0,0.0,0.0,0.0,0.0,0.0,0.0,0.0,0.0,0.0,0.0,0.0,0.0,0.0,0.0,0.0,0.0,0.0,0.0,0.0,0.0,0.0,0.0,0.0,0.0,0.0,0.0,0.0
R_ICS_T_50_LIV,DECR,1,0.0,0.0,0.0,0.0,0.0,0.0,0.0,0.0,0.0,0.0,0.0,0.0,0.0,0.0,0.0,0.0,0.0,0.0,0.0,0.0,0.0,0.0,0.0,0.0,0.0,0.0,0.0,0.0,0.0,0.0,0.0,0.0,0.0,0.0,0.0,0.0,0.0,0.0,0.0,0.0,0.0,0.0,0.0,0.0,0.0,0.0,0.0,0.0,0.0,0.0,0.0343915390342412,0.0343764157834687,0.0343595370942889,0.034340861615005,0.0343203680151537,0.0369933383240435,0.036955605263798,0.0369149453982972,0.0368714381602059,0.0368251948196351,0.0411878633569864,0.0411145554315698,0.041041980585407395,0.0409701314877066,0.0408990008809828,0.048030293083627495,0.0479154503310493,0.0478017560059968,0.0476891986241949,0.047577766816210995,0.0591975429829876,0.0590153014550125,0.058834882342317096,0.0586562674207486,0.0584794386483959,0.0773459710103391,0.0770544034487909,0.0767657515628583,0.0764799861957849,0.0761970784823823,0.1068849532105135,0.1064156605561155,0.1059510608282614,0.1054911070976859,0.10503575290441611,0.1548957512079102,0.1541386597970802,0.1533891393003585,0.152647114008604,0.151912508969767,0.0,0.0,0.0,0.0,0.0,0.0,0.0,0.0,0.0,0.0,0.0,0.0,0.0,0.0,0.0,0.0,0.0,0.0,0.0,0.0,0.0,0.0,0.0,0.0,0.0,0.0,0.0,0.0,0.0,0.0,0.0
R_ICS_T_50_LIV,DECR,2,0.0,0.0,0.0,0.0,0.0,0.0,0.0,0.0,0.0,0.0,0.0,0.0,0.0,0.0,0.0,0.0,0.0,0.0,0.0,0.0,0.0,0.0,0.0,0.0,0.0,0.0,0.0,0.0,0.0,0.0,0.0,0.0,0.0,0.0,0.0,0.0,0.0,0.0,0.0,0.0,0.0,0.0,0.0,0.0,0.0,0.0,0.0,0.0,0.0,0.0,0.03252879391481211,0.032521640061694765,0.03251343465911645,0.032504168048608124,0.03249383959200101,0.0338495367148032,0.0338306131295668,0.033810194870118895,0.0337883334393653,0.0337650913761853,0.0358710542989297,0.035835499605436,0.0358003004588772,0.035765453303784,0.0357309546202417,0.0390589741891754,0.0390046091644905,0.0389507877900523,0.0388975046293586,0.0388447543002718,0.0441875850753675,0.044102202728867695,0.0440176742058328,0.0439339909680283,0.0438511445626018,0.052550393681894,0.052413367660046596,0.0522777118984177,0.052143412694405096,0.0520104564824327,0.0663662261555915,0.066142712759643,0.065921434497654,0.0657023690182849,0.0654854941937095,0.0892320656248703,0.0888649545335228,0.0885015145530888,0.0881417089724591,0.0877855014476357,0.0,0.0,0.0,0.0,0.0,0.0,0.0,0.0,0.0,0.0,0.0,0.0,0.0,0.0,0.0,0.0,0.0,0.0,0.0,0.0,0.0,0.0,0.0,0.0,0.0,0.0,0.0,0.0,0.0,0.0,0.0
R_ICS_T_50_Q1,DIS,1,0.0,0.0,0.0,0.0,0.0,0.0,0.0,0.0,0.0,0.0,0.0,0.0,0.0,0.0,0.0,0.0,0.0,0.0,0.0,0.0,0.0,0.0,0.0,0.0,0.0,0.0,0.0,0.0,0.0,0.0,0.0,0.0,0.0,0.0,0.0,0.0,0.0,0.0,0.0,0.0,0.0,0.0,0.0,0.0,0.0,0.0,0.0,0.0,0.0,0.0,0.0006957886885298,0.0006847016753928,0.0006751551212152,0.0006670864498408,0.0006604429132014,0.0011761873168955,0.0011688428238363,0.0011639770693862,0.0011615543199413,0.0011615543199413,0.0020686024029965,0.0020686024029965,0.0020686024029965,0.0020686024029965,0.0020686024029965,0.0036327639732321,0.0036327639732321,0.0036327639732321,0.0036327639732321,0.0036327639732321,0.0062585086268229,0.0062585086268229,0.0062585086268229,0.0062585086268229,0.0062585086268229,0.0105722204269755,0.0105722204269755,0.0105722204269755,0.0105722204269755,0.0105722204269755,0.0176131665332967,0.0176131665332967,0.0176131665332967,0.0176131665332967,0.0176131665332967,0.0291406297138909,0.0291406297138909,0.0291406297138909,0.0291406297138909,0.0291406297138909,0.0,0.0,0.0,0.0,0.0,0.0,0.0,0.0,0.0,0.0,0.0,0.0,0.0,0.0,0.0,0.0,0.0,0.0,0.0,0.0,0.0,0.0,0.0,0.0,0.0,0.0,0.0,0.0,0.0,0.0,0.0
R_ICS_T_50_Q1,DIS,2,0.0,0.0,0.0,0.0,0.0,0.0,0.0,0.0,0.0,0.0,0.0,0.0,0.0,0.0,0.0,0.0,0.0,0.0,0.0,0.0,0.0,0.0,0.0,0.0,0.0,0.0,0.0,0.0,0.0,0.0,0.0,0.0,0.0,0.0,0.0,0.0,0.0,0.0,0.0,0.0,0.0,0.0,0.0,0.0,0.0,0.0,0.0,0.0,0.0,0.0,0.00072592113209,0.0007200146115574,0.0007148884576453,0.0007105258934835,0.0007069126085882,0.0011270914538959,0.0011240469355022,0.0011220227391759,0.0011210124636105,0.0011210124636105,0.0017433113508519,0.0017433113508519,0.0017433113508519,0.0017433113508519,0.0017433113508519,0.0026465832920295,0.0026465832920295,0.0026465832920295,0.0026465832920295,0.0026465832920295,0.0039448558722409,0.0039448558722409,0.0039448558722409,0.0039448558722409,0.0039448558722409,0.0058065756204838,0.0058065756204838,0.0058065756204838,0.0058065756204838,0.0058065756204838,0.0084891432744499,0.0084891432744499,0.0084891432744499,0.0084891432744499,0.0084891432744499,0.0123817325884772,0.0123817325884772,0.0123817325884772,0.0123817325884772,0.0123817325884772,0.0,0.0,0.0,0.0,0.0,0.0,0.0,0.0,0.0,0.0,0.0,0.0,0.0,0.0,0.0,0.0,0.0,0.0,0.0,0.0,0.0,0.0,0.0,0.0,0.0,0.0,0.0,0.0,0.0,0.0,0.0
R_ICS_T_50_Q2,DIS,1,0.0,0.0,0.0,0.0,0.0,0.0,0.0,0.0,0.0,0.0,0.0,0.0,0.0,0.0,0.0,0.0,0.0,0.0,0.0,0.0,0.0,0.0,0.0,0.0,0.0,0.0,0.0,0.0,0.0,0.0,0.0,0.0,0.0,0.0,0.0,0.0,0.0,0.0,0.0,0.0,0.0,0.0,0.0,0.0,0.0,0.0,0.0,0.0,0.0,0.0,0.0004177554079933,0.0004179045799537,0.0004180351520271,0.0004181471059156,0.0004182404258079,0.0007050410235287,0.0007057634593849,0.0007062455767957,0.0007064868001718,0.0007064868001718,0.0011789349837467,0.0011789349837467,0.0011789349837467,0.0011789349837467,0.0011789349837467,0.0019488400254806,0.0019488400254806,0.0019488400254806,0.0019488400254806,0.0019488400254806,0.0032031566261553,0.0032031566261553,0.0032031566261553,0.0032031566261553,0.0032031566261553,0.005259564194702,0.005259564194702,0.005259564194702,0.005259564194702,0.005259564194702,0.008667250748469,0.008667250748469,0.008667250748469,0.008667250748469,0.008667250748469,0.0143121189340536,0.0143121189340536,0.0143121189340536,0.0143121189340536,0.0143121189340536,0.0,0.0,0.0,0.0,0.0,0.0,0.0,0.0,0.0,0.0,0.0,0.0,0.0,0.0,0.0,0.0,0.0,0.0,0.0,0.0,0.0,0.0,0.0,0.0,0.0,0.0,0.0,0.0,0.0,0.0,0.0
R_ICS_T_50_Q2,DIS,2,0.0,0.0,0.0,0.0,0.0,0.0,0.0,0.0,0.0,0.0,0.0,0.0,0.0,0.0,0.0,0.0,0.0,0.0,0.0,0.0,0.0,0.0,0.0,0.0,0.0,0.0,0.0,0.0,0.0,0.0,0.0,0.0,0.0,0.0,0.0,0.0,0.0,0.0,0.0,0.0,0.0,0.0,0.0,0.0,0.0,0.0,0.0,0.0,0.0,0.0,0.0001131651142696,0.0001135281888543,0.0001138468983811,0.0001141208448771,0.0001143496829483,0.0001903746056371,0.0001904825475859,0.000190554549687,0.0001905905643459,0.0001905905643459,0.0003253476707296,0.0003253476707296,0.0003253476707296,0.0003253476707296,0.0003253476707296,0.0005738682705776,0.0005738682705776,0.0005738682705776,0.0005738682705776,0.0005738682705776,0.0010417156693586,0.0010417156693586,0.0010417156693586,0.0010417156693586,0.0010417156693586,0.0019361308855414,0.0019361308855414,0.0019361308855414,0.0019361308855414,0.0019361308855414,0.0036639814011445,0.0036639814011445,0.0036639814011445,0.0036639814011445,0.0036639814011445,0.0069872097384887,0.0069872097384887,0.0069872097384887,0.0069872097384887,0.0069872097384887,0.0,0.0,0.0,0.0,0.0,0.0,0.0,0.0,0.0,0.0,0.0,0.0,0.0,0.0,0.0,0.0,0.0,0.0,0.0,0.0,0.0,0.0,0.0,0.0,0.0,0.0,0.0,0.0,0.0,0.0,0.0
R_ICS_T_50_Q3,DIS,1,0.0,0.0,0.0,0.0,0.0,0.0,0.0,0.0,0.0,0.0,0.0,0.0,0.0,0.0,0.0,0.0,0.0,0.0,0.0,0.0,0.0,0.0,0.0,0.0,0.0,0.0,0.0,0.0,0.0,0.0,0.0,0.0,0.0,0.0,0.0,0.0,0.0,0.0,0.0,0.0,0.0,0.0,0.0,0.0,0.0,0.0,0.0,0.0,0.0,0.0,0.0002274763725383,0.0002279179317679,0.0002283050460737,0.0002286374219128,0.0002289148050173,0.0003786372598123,0.0003788500483266,0.0003789919870588,0.0003790629830141,0.0003790629830141,0.0006095334285833,0.0006095334285833,0.0006095334285833,0.0006095334285833,0.0006095334285833,0.000964413827092,0.000964413827092,0.000964413827092,0.000964413827092,0.000964413827092,0.0015117249324942,0.0015117249324942,0.0015117249324942,0.0015117249324942,0.0015117249324942,0.002357430233848,0.002357430233848,0.002357430233848,0.002357430233848,0.002357430233848,0.0036752704889428,0.0036752704889428,0.0036752704889428,0.0036752704889428,0.0036752704889428,0.005733861476965,0.005733861476965,0.005733861476965,0.005733861476965,0.005733861476965,0.0,0.0,0.0,0.0,0.0,0.0,0.0,0.0,0.0,0.0,0.0,0.0,0.0,0.0,0.0,0.0,0.0,0.0,0.0,0.0,0.0,0.0,0.0,0.0,0.0,0.0,0.0,0.0,0.0,0.0,0.0
R_ICS_T_50_Q3,DIS,2,0.0,0.0,0.0,0.0,0.0,0.0,0.0,0.0,0.0,0.0,0.0,0.0,0.0,0.0,0.0,0.0,0.0,0.0,0.0,0.0,0.0,0.0,0.0,0.0,0.0,0.0,0.0,0.0,0.0,0.0,0.0,0.0,0.0,0.0,0.0,0.0,0.0,0.0,0.0,0.0,0.0,0.0,0.0,0.0,0.0,0.0,0.0,0.0,0.0,0.0,9.534175494970824e-05,9.48818915654628e-05,9.448145191224708e-05,9.413966650892844e-05,9.385587567631156e-05,0.0001530421514747,0.0001527828540502,0.0001526102819834,0.0001525240934123,0.0001525240934123,0.0002469259279743,0.0002469259279743,0.0002469259279743,0.0002469259279743,0.0002469259279743,0.0004020201580715,0.0004020201580715,0.0004020201580715,0.0004020201580715,0.0004020201580715,0.0006627788837805,0.0006627788837805,0.0006627788837805,0.0006627788837805,0.0006627788837805,0.0011050849911317,0.0011050849911317,0.0011050849911317,0.0011050849911317,0.0011050849911317,0.0018617618851512,0.0018617618851512,0.0018617618851512,0.0018617618851512,0.0018617618851512,0.0031520141631551,0.0031520141631551,0.0031520141631551,0.0031520141631551,0.0031520141631551,0.0,0.0,0.0,0.0,0.0,0.0,0.0,0.0,0.0,0.0,0.0,0.0,0.0,0.0,0.0,0.0,0.0,0.0,0.0,0.0,0.0,0.0,0.0,0.0,0.0,0.0,0.0,0.0,0.0,0.0,0.0
R_ICS_T_60_LIV,DECR,1,0.0,0.0,0.0,0.0,0.0,0.0,0.0,0.0,0.0,0.0,0.0,0.0,0.0,0.0,0.0,0.0,0.0,0.0,0.0,0.0,0.0,0.0,0.0,0.0,0.0,0.0,0.0,0.0,0.0,0.0,0.0,0.0,0.0,0.0,0.0,0.0,0.0,0.0,0.0,0.0,0.0,0.0,0.0,0.0,0.0,0.0,0.0,0.0,0.0,0.0,0.0,0.0,0.0,0.0,0.0,0.0,0.0,0.0,0.0,0.0,0.0417462271570488,0.041713413305810396,0.041675578184698595,0.0416325209701098,0.041584111762634796,0.0491761467383595,0.0490836397724836,0.0489806250614833,0.0488673376598823,0.0487441244615415,0.061124334461250804,0.060922825018493,0.0607233306701628,0.060525831265315896,0.0603303068545175,0.0804286377283525,0.0801062434996242,0.07978707321318321,0.07947109462960661,0.0791582758318658,0.1118466603326626,0.1113277506070431,0.1108140299786797,0.1103054465566,0.1098019489687411,0.16290027846830699,0.162063141784873,0.1612343764682734,0.1604138988048397,0.1596016259180404,0.0,0.0,0.0,0.0,0.0,0.0,0.0,0.0,0.0,0.0,0.0,0.0,0.0,0.0,0.0,0.0,0.0,0.0,0.0,0.0,0.0,0.0,0.0,0.0,0.0,0.0,0.0,0.0,0.0,0.0,0.0
R_ICS_T_60_LIV,DECR,2,0.0,0.0,0.0,0.0,0.0,0.0,0.0,0.0,0.0,0.0,0.0,0.0,0.0,0.0,0.0,0.0,0.0,0.0,0.0,0.0,0.0,0.0,0.0,0.0,0.0,0.0,0.0,0.0,0.0,0.0,0.0,0.0,0.0,0.0,0.0,0.0,0.0,0.0,0.0,0.0,0.0,0.0,0.0,0.0,0.0,0.0,0.0,0.0,0.0,0.0,0.0,0.0,0.0,0.0,0.0,0.0,0.0,0.0,0.0,0.0,0.036137598883606195,0.0361230799832301,0.036105735697299995,0.0360855583994816,0.0360625597697671,0.0395999324304086,0.039556904458244196,0.0395086172160696,0.0394552199080292,0.0393968924261557,0.0450903100440284,0.0449959004478419,0.044902434947617295,0.044809904102394896,0.044718298565624696,0.0539991335719141,0.053847620151166495,0.0536976218646264,0.0535491235609517,0.0534021102403138,0.0687293741788557,0.0684822293026746,0.06823755587525529,0.0679953291821102,0.0677555247558966,0.09311343410462031,0.0927075093284753,0.09230564380009171,0.091907796926992,0.0915139285226233,0.0,0.0,0.0,0.0,0.0,0.0,0.0,0.0,0.0,0.0,0.0,0.0,0.0,0.0,0.0,0.0,0.0,0.0,0.0,0.0,0.0,0.0,0.0,0.0,0.0,0.0,0.0,0.0,0.0,0.0,0.0
R_ICS_T_60_Q1,DIS,1,0.0,0.0,0.0,0.0,0.0,0.0,0.0,0.0,0.0,0.0,0.0,0.0,0.0,0.0,0.0,0.0,0.0,0.0,0.0,0.0,0.0,0.0,0.0,0.0,0.0,0.0,0.0,0.0,0.0,0.0,0.0,0.0,0.0,0.0,0.0,0.0,0.0,0.0,0.0,0.0,0.0,0.0,0.0,0.0,0.0,0.0,0.0,0.0,0.0,0.0,0.0,0.0,0.0,0.0,0.0,0.0,0.0,0.0,0.0,0.0,0.0022308632092317,0.0021936484851004,0.0021616288076874,0.0021345839783296,0.0021123285926229,0.0036764961582446,0.0036545500956299,0.0036400067221252,0.0036327639732321,0.0036327639732321,0.0062585086268229,0.0062585086268229,0.0062585086268229,0.0062585086268229,0.0062585086268229,0.0105722204269755,0.0105722204269755,0.0105722204269755,0.0105722204269755,0.0105722204269755,0.0176131665332967,0.0176131665332967,0.0176131665332967,0.0176131665332967,0.0176131665332967,0.0291406297138909,0.0291406297138909,0.0291406297138909,0.0291406297138909,0.0291406297138909,0.0,0.0,0.0,0.0,0.0,0.0,0.0,0.0,0.0,0.0,0.0,0.0,0.0,0.0,0.0,0.0,0.0,0.0,0.0,0.0,0.0,0.0,0.0,0.0,0.0,0.0,0.0,0.0,0.0,0.0,0.0
R_ICS_T_60_Q1,DIS,2,0.0,0.0,0.0,0.0,0.0,0.0,0.0,0.0,0.0,0.0,0.0,0.0,0.0,0.0,0.0,0.0,0.0,0.0,0.0,0.0,0.0,0.0,0.0,0.0,0.0,0.0,0.0,0.0,0.0,0.0,0.0,0.0,0.0,0.0,0.0,0.0,0.0,0.0,0.0,0.0,0.0,0.0,0.0,0.0,0.0,0.0,0.0,0.0,0.0,0.0,0.0,0.0,0.0,0.0,0.0,0.0,0.0,0.0,0.0,0.0,0.0017924262659337,0.0017813836890748,0.0017717809604487,0.0017635944197505,0.0017568038241978,0.0026566987943038,0.0026516351472112,0.0026482658166639,0.0026465832920295,0.0026465832920295,0.0039448558722409,0.0039448558722409,0.0039448558722409,0.0039448558722409,0.0039448558722409,0.0058065756204838,0.0058065756204838,0.0058065756204838,0.0058065756204838,0.0058065756204838,0.0084891432744499,0.0084891432744499,0.0084891432744499,0.0084891432744499,0.0084891432744499,0.0123817325884772,0.0123817325884772,0.0123817325884772,0.0123817325884772,0.0123817325884772,0.0,0.0,0.0,0.0,0.0,0.0,0.0,0.0,0.0,0.0,0.0,0.0,0.0,0.0,0.0,0.0,0.0,0.0,0.0,0.0,0.0,0.0,0.0,0.0,0.0,0.0,0.0,0.0,0.0,0.0,0.0
R_ICS_T_60_Q2,DIS,1,0.0,0.0,0.0,0.0,0.0,0.0,0.0,0.0,0.0,0.0,0.0,0.0,0.0,0.0,0.0,0.0,0.0,0.0,0.0,0.0,0.0,0.0,0.0,0.0,0.0,0.0,0.0,0.0,0.0,0.0,0.0,0.0,0.0,0.0,0.0,0.0,0.0,0.0,0.0,0.0,0.0,0.0,0.0,0.0,0.0,0.0,0.0,0.0,0.0,0.0,0.0,0.0,0.0,0.0,0.0,0.0,0.0,0.0,0.0,0.0,0.0011538499241976,0.0011593739936259,0.0011642306951019,0.0011684110207158,0.0011719071337413,0.0019396484114164,0.0019442375802228,0.0019473042646806,0.0019488400254806,0.0019488400254806,0.0032031566261553,0.0032031566261553,0.0032031566261553,0.0032031566261553,0.0032031566261553,0.005259564194702,0.005259564194702,0.005259564194702,0.005259564194702,0.005259564194702,0.008667250748469,0.008667250748469,0.008667250748469,0.008667250748469,0.008667250748469,0.0143121189340536,0.0143121189340536,0.0143121189340536,0.0143121189340536,0.0143121189340536,0.0,0.0,0.0,0.0,0.0,0.0,0.0,0.0,0.0,0.0,0.0,0.0,0.0,0.0,0.0,0.0,0.0,0.0,0.0,0.0,0.0,0.0,0.0,0.0,0.0,0.0,0.0,0.0,0.0,0.0,0.0
R_ICS_T_60_Q2,DIS,2,0.0,0.0,0.0,0.0,0.0,0.0,0.0,0.0,0.0,0.0,0.0,0.0,0.0,0.0,0.0,0.0,0.0,0.0,0.0,0.0,0.0,0.0,0.0,0.0,0.0,0.0,0.0,0.0,0.0,0.0,0.0,0.0,0.0,0.0,0.0,0.0,0.0,0.0,0.0,0.0,0.0,0.0,0.0,0.0,0.0,0.0,0.0,0.0,0.0,0.0,0.0,0.0,0.0,0.0,0.0,0.0,0.0,0.0,0.0,0.0,0.0003256595881414,0.0003255902451747,0.0003255295829984,0.000325477596535,0.0003254342814006,0.0005746232238495,0.0005742455955734,0.0005739940088347,0.0005738682705776,0.0005738682705776,0.0010417156693586,0.0010417156693586,0.0010417156693586,0.0010417156693586,0.0010417156693586,0.0019361308855414,0.0019361308855414,0.0019361308855414,0.0019361308855414,0.0019361308855414,0.0036639814011445,0.0036639814011445,0.0036639814011445,0.0036639814011445,0.0036639814011445,0.0069872097384887,0.0069872097384887,0.0069872097384887,0.0069872097384887,0.0069872097384887,0.0,0.0,0.0,0.0,0.0,0.0,0.0,0.0,0.0,0.0,0.0,0.0,0.0,0.0,0.0,0.0,0.0,0.0,0.0,0.0,0.0,0.0,0.0,0.0,0.0,0.0,0.0,0.0,0.0,0.0,0.0
R_ICS_T_60_Q3,DIS,1,0.0,0.0,0.0,0.0,0.0,0.0,0.0,0.0,0.0,0.0,0.0,0.0,0.0,0.0,0.0,0.0,0.0,0.0,0.0,0.0,0.0,0.0,0.0,0.0,0.0,0.0,0.0,0.0,0.0,0.0,0.0,0.0,0.0,0.0,0.0,0.0,0.0,0.0,0.0,0.0,0.0,0.0,0.0,0.0,0.0,0.0,0.0,0.0,0.0,0.0,0.0,0.0,0.0,0.0,0.0,0.0,0.0,0.0,0.0,0.0,0.0006084285872385,0.0006086739199156,0.0006088886725665,0.0006090728112122,0.0006092263064892,0.0009654098287268,0.0009649116708363,0.0009645797369445,0.000964413827092,0.000964413827092,0.0015117249324942,0.0015117249324942,0.0015117249324942,0.0015117249324942,0.0015117249324942,0.002357430233848,0.002357430233848,0.002357430233848,0.002357430233848,0.002357430233848,0.0036752704889428,0.0036752704889428,0.0036752704889428,0.0036752704889428,0.0036752704889428,0.005733861476965,0.005733861476965,0.005733861476965,0.005733861476965,0.005733861476965,0.0,0.0,0.0,0.0,0.0,0.0,0.0,0.0,0.0,0.0,0.0,0.0,0.0,0.0,0.0,0.0,0.0,0.0,0.0,0.0,0.0,0.0,0.0,0.0,0.0,0.0,0.0,0.0,0.0,0.0,0.0
R_ICS_T_60_Q3,DIS,2,0.0,0.0,0.0,0.0,0.0,0.0,0.0,0.0,0.0,0.0,0.0,0.0,0.0,0.0,0.0,0.0,0.0,0.0,0.0,0.0,0.0,0.0,0.0,0.0,0.0,0.0,0.0,0.0,0.0,0.0,0.0,0.0,0.0,0.0,0.0,0.0,0.0,0.0,0.0,0.0,0.0,0.0,0.0,0.0,0.0,0.0,0.0,0.0,0.0,0.0,0.0,0.0,0.0,0.0,0.0,0.0,0.0,0.0,0.0,0.0,0.0002524194706285,0.0002511873387159,0.0002501144858833,0.0002491988254182,0.0002484385685316,0.0004037550780897,0.0004028864765871,0.0004023086546716,0.0004020201580715,0.0004020201580715,0.0006627788837805,0.0006627788837805,0.0006627788837805,0.0006627788837805,0.0006627788837805,0.0011050849911317,0.0011050849911317,0.0011050849911317,0.0011050849911317,0.0011050849911317,0.0018617618851512,0.0018617618851512,0.0018617618851512,0.0018617618851512,0.0018617618851512,0.0031520141631551,0.0031520141631551,0.0031520141631551,0.0031520141631551,0.0031520141631551,0.0,0.0,0.0,0.0,0.0,0.0,0.0,0.0,0.0,0.0,0.0,0.0,0.0,0.0,0.0,0.0,0.0,0.0,0.0,0.0,0.0,0.0,0.0,0.0,0.0,0.0,0.0,0.0,0.0,0.0,0.0
R_UP50_30_LIV,DECR,1,0.0,0.0,0.0,0.0,0.0,0.0,0.0,0.0,0.0,0.0,0.0,0.0,0.0,0.0,0.0,0.0,0.0,0.0,0.0,0.0,0.0,0.0,0.0,0.0,0.0,0.0,0.0,0.0,0.0,0.0,0.0307795635007441,0.030775685713555066,0.0307712669711472,0.030766313602457098,0.030760833337403207,0.03112172478756865,0.0311121437286012,0.031101735146023178,0.031090520361461208,0.03107852295673068,0.03162301473734244,0.03160490071330901,0.03158699608766565,0.03156929834255641,0.03155180499166192,0.0323894488630799,0.0323624690134147,0.0323358052426618,0.0323094536958258,0.0322834105668741,0.033594541524734,0.0335535875327828,0.0335131182094017,0.0334731275809751,0.033433609750528,0.0355093857946139,0.035446235262281495,0.0353838370853881,0.0353221819276277,0.0352612605732485,0.0385604049473924,0.038461978403571,0.0383647284626032,0.038268640473398896,0.0381736999746553,0.0434286633309528,0.0432741987230217,0.0431215814307893,0.0429707884410543,0.042821797038848,0.0511784185164404,0.0509352705437184,0.0506950245075369,0.0504576443316785,0.0502230944065403,0.0634884572827204,0.0631053679891638,0.0627268326593538,0.062352794907590596,0.0619831990747226,0.0831060215555573,0.0825013500911218,0.0819038295100636,0.0813133717410186,0.08072988984177279,0.1143376019358561,0.1133821530654747,0.11243793977656259,0.1115048244969135,0.110582671408289,0.0,0.0,0.0,0.0,0.0,0.0,0.0,0.0,0.0,0.0,0.0,0.0,0.0,0.0,0.0,0.0,0.0,0.0,0.0,0.0,0.0,0.0,0.0,0.0,0.0,0.0,0.0,0.0,0.0,0.0,0.0
R_UP50_30_LIV,DECR,2,0.0,0.0,0.0,0.0,0.0,0.0,0.0,0.0,0.0,0.0,0.0,0.0,0.0,0.0,0.0,0.0,0.0,0.0,0.0,0.0,0.0,0.0,0.0,0.0,0.0,0.0,0.0,0.0,0.0,0.0,0.030503089059638725,0.030506748469931518,0.03050930243794035,0.03051072146092808,0.030510984592274658,0.030726285776491998,0.030721892435724086,0.03071628060669612,0.03070947174316766,0.030701494700691636,0.03101260975739625,0.031001016729523656,0.03098956163588429,0.030978242767076405,0.030967058435743457,0.03143242401835205,0.031415805169469506,0.03139938692820634,0.031383166772199336,0.03136714221205327,0.03206215196884964,0.032038019823961594,0.0320141816599005,0.0319906337469673,0.03196737240460863,0.0330091286150851,0.0329737875553378,0.0329388786527918,0.0329043964046761,0.0328703353809654,0.0344477697170551,0.0343955933865356,0.0343440542988215,0.0342931443492923,0.0342428555403565,0.036680014046116996,0.036602046600851396,0.036525026339610696,0.0364489412779107,0.0363737795888023,0.04021314692539,0.0400948671282843,0.0399780123540676,0.0398625647191371,0.0397485065732266,0.0458974474452698,0.045715023000540894,0.0455347745498135,0.0453566750569041,0.045180697835135,0.0551694037058259,0.0548832692288346,0.0546005127032122,0.054321092600346094,0.0540449679231461,0.07028896927098,0.0698347660861563,0.0693858746355625,0.06894223025632071,0.0685037691053646,0.0,0.0,0.0,0.0,0.0,0.0,0.0,0.0,0.0,0.0,0.0,0.0,0.0,0.0,0.0,0.0,0.0,0.0,0.0,0.0,0.0,0.0,0.0,0.0,0.0,0.0,0.0,0.0,0.0,0.0,0.0
R_UP50_30_Q1,DIS,1,0.0,0.0,0.0,0.0,0.0,0.0,0.0,0.0,0.0,0.0,0.0,0.0,0.0,0.0,0.0,0.0,0.0,0.0,0.0,0.0,0.0,0.0,0.0,0.0,0.0,0.0,0.0,0.0,0.0,0.0,6.939117130330153e-05,6.844236672925386e-05,6.749518489704897e-05,6.654991778092399e-05,6.560685241025895e-05,0.0001117832765963,0.0001100734758684,0.0001084006763752,0.0001067639824206,0.0001051625226843,0.0001819577662302,0.0001792283997368,0.0001765399737407,0.0001738918741346,0.0001712834960226,0.0003008195197752,0.0002963072269785,0.0002918626185738,0.0002874846792952,0.0002831724091058,0.0005004961484094,0.0004929887061832,0.0004855938755905,0.0004783099674566,0.0004711353179448,0.0008326267561742,0.0008201373548316,0.0008078352945092,0.0007957177650915,0.0007837819986151,0.0013748917561786,0.0013542683798359,0.0013339543541384,0.0013139450388263,0.0012942358632439,0.0022388378252013,0.0022052552578233,0.0021721764289559,0.0021395937825216,0.0021074998757838,0.0035765122352722,0.0035228645517431,0.0034700215834669,0.0034179712597149,0.0033667016908192,0.0056022553236088,0.0055182214937547,0.0054354481713483,0.0053539164487781,0.0052736077020464,0.0086545291010636,0.0085247111645477,0.0083968404970794,0.0082708878896233,0.0081468245712789,0.0132773793371904,0.0130782186471325,0.0128820453674255,0.0126888146869142,0.0124984824666104,0.0,0.0,0.0,0.0,0.0,0.0,0.0,0.0,0.0,0.0,0.0,0.0,0.0,0.0,0.0,0.0,0.0,0.0,0.0,0.0,0.0,0.0,0.0,0.0,0.0,0.0,0.0,0.0,0.0,0.0,0.0
R_UP50_30_Q1,DIS,2,0.0,0.0,0.0,0.0,0.0,0.0,0.0,0.0,0.0,0.0,0.0,0.0,0.0,0.0,0.0,0.0,0.0,0.0,0.0,0.0,0.0,0.0,0.0,0.0,0.0,0.0,0.0,0.0,0.0,0.0,8.190184710676134e-05,8.102754940735924e-05,8.011877870998703e-05,7.917688563284679e-05,7.82032600974107e-05,0.000137278235693,0.0001353562363755,0.0001334160619465,0.0001314592593408,0.0001294873704507,0.0002229471174088,0.0002196029106477,0.000216308866988,0.0002130642339831,0.0002098682704734,0.0003529083083129,0.0003476146836882,0.0003424004634329,0.0003372644564814,0.0003322054896342,0.0005411450791901,0.0005330279030022,0.0005250324844572,0.0005171569971903,0.0005093996422325,0.000803857199746,0.0007917993417498,0.0007799223516235,0.0007682235163492,0.0007567001636039,0.0011591558769899,0.001141768538835,0.0011246420107525,0.0011077723805912,0.0010911557948824,0.0016317417676681,0.0016072656411531,0.0015831566565358,0.0015594093066877,0.0015360181670874,0.0022552497089057,0.0022214209632721,0.002188099648823,0.0021552781540907,0.0021229489817793,0.0030780745874949,0.0030319034686825,0.0029864249166523,0.0029416285429025,0.0028975041147589,0.0041726903063714,0.0041100999517758,0.0040484484524992,0.0039877217257117,0.003927905899826,0.0056432043864515,0.0055585563206548,0.0054751779758449,0.0053930503062073,0.0053121545516142,0.0,0.0,0.0,0.0,0.0,0.0,0.0,0.0,0.0,0.0,0.0,0.0,0.0,0.0,0.0,0.0,0.0,0.0,0.0,0.0,0.0,0.0,0.0,0.0,0.0,0.0,0.0,0.0,0.0,0.0,0.0
R_UP50_30_Q2,DIS,1,0.0,0.0,0.0,0.0,0.0,0.0,0.0,0.0,0.0,0.0,0.0,0.0,0.0,0.0,0.0,0.0,0.0,0.0,0.0,0.0,0.0,0.0,0.0,0.0,0.0,0.0,0.0,0.0,0.0,0.0,4.892605173733761e-05,4.822257709017507e-05,4.752546988025854e-05,4.683474689813188e-05,4.6150423204574754e-05,7.9350322401525e-05,7.827535466366854e-05,7.71770412043051e-05,7.605676210787368e-05,7.491591067625557e-05,0.0001281488352154,0.0001262266026872,0.0001243332036468,0.0001224682055921,0.0001206311825083,0.0002046241295957,0.0002015547676518,0.000198531446137,0.000195553474445,0.0001926201723283,0.0003236918780189,0.0003188364998486,0.0003140539523509,0.0003093431430656,0.0003047029959196,0.0005067993627957,0.0004991973723538,0.0004917094117684,0.0004843337705919,0.000477068764033,0.0007842175623139,0.0007724542988792,0.000760867484396,0.0007494544721301,0.0007382126550481,0.0012020674395556,0.0011840364279622,0.0011662758815428,0.0011487817433197,0.0011315500171699,0.0018319986077378,0.0018045186286218,0.0017774508491924,0.0017507890864545,0.0017245272501577,0.0027892126810795,0.0027473744908633,0.0027061638735004,0.0026655714153979,0.0026255878441669,0.004261813286249,0.0041978860869553,0.0041349177956509,0.0040728940287162,0.0040118006182854,0.0065252235053708,0.0064273451527902,0.0063309349754984,0.0062359709508659,0.0061424313866029,0.0,0.0,0.0,0.0,0.0,0.0,0.0,0.0,0.0,0.0,0.0,0.0,0.0,0.0,0.0,0.0,0.0,0.0,0.0,0.0,0.0,0.0,0.0,0.0,0.0,0.0,0.0,0.0,0.0,0.0,0.0
R_UP50_30_Q2,DIS,2,0.0,0.0,0.0,0.0,0.0,0.0,0.0,0.0,0.0,0.0,0.0,0.0,0.0,0.0,0.0,0.0,0.0,0.0,0.0,0.0,0.0,0.0,0.0,0.0,0.0,0.0,0.0,0.0,0.0,0.0,1.813148678103926e-05,1.8395014742442783e-05,1.8594462469725305e-05,1.872742596747266e-05,1.879220263619294e-05,2.8415444893814065e-05,2.825403356754025e-05,2.8005767103667924e-05,2.767268136956659e-05,2.725759114902309e-05,4.102738908759709e-05,4.041197825128313e-05,3.980579857751388e-05,3.920871159885117e-05,3.86205809248684e-05,5.935962619025957e-05,5.846923179740568e-05,5.759219332044459e-05,5.672831042063792e-05,5.5877385764328346e-05,8.882480609661837e-05,8.749243400516908e-05,8.618004749509154e-05,8.488734678266518e-05,8.36140365809252e-05,0.0001367141402226,0.0001346634281193,0.0001326434766975,0.000130653824547,0.0001286940171788,0.0002163777569239,0.00021313209057,0.0002099351092115,0.0002067860825733,0.0002036842913347,0.0003538612287046,0.000348553310274,0.0003433250106199,0.0003381751354606,0.0003331025084287,0.0005955546177966,0.0005866212985296,0.0005778219790517,0.0005691546493659,0.0005606173296254,0.0010262554212073,0.0010108615898892,0.0009956986660408,0.0009807631860502,0.0009660517382595,0.0018006305299852,0.0017736210720355,0.0017470167559549,0.0017208115046156,0.0016949993320464,0.0031836577025426,0.0031359028370044,0.0030888642944494,0.0030425313300326,0.0029968933600821,0.0,0.0,0.0,0.0,0.0,0.0,0.0,0.0,0.0,0.0,0.0,0.0,0.0,0.0,0.0,0.0,0.0,0.0,0.0,0.0,0.0,0.0,0.0,0.0,0.0,0.0,0.0,0.0,0.0,0.0,0.0
R_UP50_30_Q3,DIS,1,0.0,0.0,0.0,0.0,0.0,0.0,0.0,0.0,0.0,0.0,0.0,0.0,0.0,0.0,0.0,0.0,0.0,0.0,0.0,0.0,0.0,0.0,0.0,0.0,0.0,0.0,0.0,0.0,0.0,0.0,1.9597313482361335e-05,1.931470119913945e-05,1.903476648709188e-05,1.87575112556444e-05,1.848293680487532e-05,3.706618265532448e-05,3.6611222120532287e-05,3.612858186067527e-05,3.561947865393458e-05,3.508518647412556e-05,6.666873056884155e-05,6.566869961030893e-05,6.468366911615429e-05,6.371341407941199e-05,6.27577128682208e-05,0.0001116285574905,0.0001099541291281,0.0001083048171912,0.0001066802449334,0.0001050800412594,0.0001775273143376,0.0001748644046226,0.0001722414385532,0.0001696578169749,0.0001671129497203,0.0002719087582961,0.0002678301269216,0.0002638126750178,0.0002598554848925,0.0002559576526191,0.0004053895509902,0.0003993087077253,0.0003933190771095,0.0003874192909528,0.0003816080015885,0.0005946896595464,0.0005857693146532,0.0005769827749334,0.0005683280333094,0.0005598031128097,0.0008642466685107,0.000851282968483,0.0008385137239558,0.0008259360180965,0.000813546977825,0.0012494761411793,0.0012307339990616,0.0012122729890757,0.0011940888942395,0.0011761775608259,0.0018059073886862,0.0017788187778559,0.0017521364961881,0.0017258544487453,0.0016999666320141,0.0026119673619811,0.0025727878515514,0.0025341960337781,0.0024961830932714,0.0024587403468723,0.0,0.0,0.0,0.0,0.0,0.0,0.0,0.0,0.0,0.0,0.0,0.0,0.0,0.0,0.0,0.0,0.0,0.0,0.0,0.0,0.0,0.0,0.0,0.0,0.0,0.0,0.0,0.0,0.0,0.0,0.0
R_UP50_30_Q3,DIS,2,0.0,0.0,0.0,0.0,0.0,0.0,0.0,0.0,0.0,0.0,0.0,0.0,0.0,0.0,0.0,0.0,0.0,0.0,0.0,0.0,0.0,0.0,0.0,0.0,0.0,0.0,0.0,0.0,0.0,0.0,1.0555070750726192e-05,1.04790204617152e-05,1.0393307751336912e-05,1.0298169268862192e-05,1.019386751085514e-05,1.8042698162286106e-05,1.7818454030646353e-05,1.7581723688650957e-05,1.733306815219621e-05,1.7073072129913266e-05,2.941155322515297e-05,2.897037992677568e-05,2.853582422787404e-05,2.8107786864455928e-05,2.7686170061489087e-05,4.665380529279228e-05,4.595399821340039e-05,4.526468824019939e-05,4.45857179165964e-05,4.391693214784745e-05,7.215515460672577e-05,7.107282728762488e-05,7.000673487831051e-05,6.895663385513585e-05,6.79222843473088e-05,0.0001093833793414,0.0001077426286513,0.0001061264892216,0.0001045345918832,0.000102966573005,0.0001641930358741,0.000161730140336,0.0001593041882309,0.0001569146254075,0.0001545609060263,0.0002478579644963,0.0002441400950288,0.0002404779936034,0.0002368708236993,0.0002333177613438,0.0003788612436298,0.0003731783249753,0.0003675806501007,0.0003620669403492,0.0003566359362439,0.0005856640465362,0.0005768790858381,0.0005682258995506,0.0005597025110573,0.0005513069733914,0.0009147671502532,0.0009010456429994,0.0008875299583544,0.0008742170089791,0.0008611037538444,0.0014358363337854,0.0014142987887786,0.0013930843069469,0.0013721880423427,0.0013516052217076,0.0,0.0,0.0,0.0,0.0,0.0,0.0,0.0,0.0,0.0,0.0,0.0,0.0,0.0,0.0,0.0,0.0,0.0,0.0,0.0,0.0,0.0,0.0,0.0,0.0,0.0,0.0,0.0,0.0,0.0,0.0
R_UP50_40_LIV,DECR,1,0.0,0.0,0.0,0.0,0.0,0.0,0.0,0.0,0.0,0.0,0.0,0.0,0.0,0.0,0.0,0.0,0.0,0.0,0.0,0.0,0.0,0.0,0.0,0.0,0.0,0.0,0.0,0.0,0.0,0.0,0.0,0.0,0.0,0.0,0.0,0.0,0.0,0.0,0.0,0.0,0.031760289053430965,0.03175262463334356,0.03174353163254574,0.03173302019194862,0.031721105397243717,0.0326634382548131,0.0326401727625647,0.0326148403507407,0.0325874924288471,0.0325581878342242,0.0340321093230433,0.0339859624773937,0.0339403644864869,0.0338953085509811,0.033850787959190096,0.0361844141959222,0.0361131988906421,0.0360428363058646,0.035973315805873,0.0359046268929352,0.0396127477610632,0.039501705731498596,0.0393919978405091,0.0392836073909346,0.0391765179029233,0.0450801962163412,0.0449059241365342,0.0447337468292901,0.0445636380661064,0.0443955719599781,0.0537777881179715,0.0535035292818134,0.053232560248341595,0.0529648399113143,0.052700327698675296,0.0675827626823681,0.0671508654802917,0.0667241282938648,0.0663024869072764,0.0658858779361088,0.08956624896117499,0.0888849651590429,0.08821177851461981,0.0875465887915336,0.0868892970447472,0.124541615706335,0.1234658414212888,0.1224027802510128,0.1213522757337807,0.12031417341244159,0.0,0.0,0.0,0.0,0.0,0.0,0.0,0.0,0.0,0.0,0.0,0.0,0.0,0.0,0.0,0.0,0.0,0.0,0.0,0.0,0.0,0.0,0.0,0.0,0.0,0.0,0.0,0.0,0.0,0.0,0.0
R_UP50_40_LIV,DECR,2,0.0,0.0,0.0,0.0,0.0,0.0,0.0,0.0,0.0,0.0,0.0,0.0,0.0,0.0,0.0,0.0,0.0,0.0,0.0,0.0,0.0,0.0,0.0,0.0,0.0,0.0,0.0,0.0,0.0,0.0,0.0,0.0,0.0,0.0,0.0,0.0,0.0,0.0,0.0,0.0,0.031084430875329295,0.03108309169816256,0.031080406141144965,0.031076369487522727,0.03107098362365129,0.03159995872309242,0.03158636448894269,0.031571229593667455,0.03155459198750606,0.0315364953932378,0.032320499424006166,0.032293211027542706,0.03226625676607723,0.03223963237949427,0.03221333366406097,0.0333875725418989,0.0333475905146224,0.0333080999021465,0.0332690944164053,0.0332305678528224,0.0350064439476446,0.034947424802169,0.0348891301687381,0.034831550787422796,0.0347746775211149,0.0375145372840101,0.0374264026016662,0.0373393441057883,0.037253348111916995,0.0371684011162767,0.041478428918072796,0.04134486161615,0.0412129117324376,0.0410825588665756,0.0409537828856004,0.047847579127421797,0.0476418273794947,0.0474385422883968,0.047237693050469196,0.0470392492621467,0.058226066766380105,0.0579037465192945,0.0575852503683711,0.0572705310592428,0.0569595419452875,0.0751379808733843,0.0746269155055593,0.074121856074799,0.0736227290924817,0.07312946200631129,0.0,0.0,0.0,0.0,0.0,0.0,0.0,0.0,0.0,0.0,0.0,0.0,0.0,0.0,0.0,0.0,0.0,0.0,0.0,0.0,0.0,0.0,0.0,0.0,0.0,0.0,0.0,0.0,0.0,0.0,0.0
R_UP50_40_Q1,DIS,1,0.0,0.0,0.0,0.0,0.0,0.0,0.0,0.0,0.0,0.0,0.0,0.0,0.0,0.0,0.0,0.0,0.0,0.0,0.0,0.0,0.0,0.0,0.0,0.0,0.0,0.0,0.0,0.0,0.0,0.0,0.0,0.0,0.0,0.0,0.0,0.0,0.0,0.0,0.0,0.0,0.0002140865029985,0.0002103382318796,0.0002067215327888,0.0002032318342769,0.0001998647643864,0.0003509239972222,0.0003451552753398,0.0003396469044309,0.0003343893215411,0.000329373481718,0.0005821547357265,0.0005734224146906,0.0005648210784702,0.0005563487622932,0.0005480035308588,0.0009684742045266,0.0009539470914587,0.0009396378850868,0.0009255433168105,0.0009116601670584,0.0015992126003655,0.00157522441136,0.0015515960451896,0.0015283221045118,0.0015053972729441,0.0026041160288779,0.0025650542884447,0.0025265784741181,0.0024886797970063,0.0024513496000512,0.004160039076753,0.0040976384906017,0.0040361739132427,0.003975631304544,0.0039159968349759,0.0065162928381221,0.0064185484455503,0.006322270218867,0.006227436165584,0.0061340246231002,0.0100665611866922,0.0099155627688918,0.0097668293273585,0.0096203268874481,0.0094760219841364,0.0154436538297992,0.0152119990223522,0.0149838190370169,0.0147590617514617,0.0145376758251898,0.0,0.0,0.0,0.0,0.0,0.0,0.0,0.0,0.0,0.0,0.0,0.0,0.0,0.0,0.0,0.0,0.0,0.0,0.0,0.0,0.0,0.0,0.0,0.0,0.0,0.0,0.0,0.0,0.0,0.0,0.0
R_UP50_40_Q1,DIS,2,0.0,0.0,0.0,0.0,0.0,0.0,0.0,0.0,0.0,0.0,0.0,0.0,0.0,0.0,0.0,0.0,0.0,0.0,0.0,0.0,0.0,0.0,0.0,0.0,0.0,0.0,0.0,0.0,0.0,0.0,0.0,0.0,0.0,0.0,0.0,0.0,0.0,0.0,0.0,0.0,0.0002569730298506,0.0002536306539895,0.000250268556809,0.0002468886702203,0.000243492914304,0.0004097985738487,0.000403990550358,0.0003981534595353,0.0003922909320218,0.0003864065680415,0.0006294357540348,0.0006199942177243,0.0006106943044584,0.0006015338898916,0.0005925108815432,0.0009350107431739,0.0009209855820263,0.0009071707982959,0.0008935632363215,0.0008801597877767,0.0013482782742274,0.001328054100114,0.0013081332886123,0.0012885112892831,0.0012691836199438,0.0018979690464145,0.0018694995107183,0.0018414570180575,0.0018138351627866,0.0017866276353448,0.0026232055980006,0.0025838575140306,0.0025450996513201,0.0025069231565503,0.0024693193092021,0.0035802786968978,0.0035265745164443,0.0034736758986977,0.0034215707602172,0.0033702471988139,0.0048534867456905,0.0047806844445052,0.0047089741778376,0.00463833956517,0.0045687644716925,0.006563922956622,0.0064654641122726,0.0063684821505885,0.0062729549183297,0.0061788605945548,0.0,0.0,0.0,0.0,0.0,0.0,0.0,0.0,0.0,0.0,0.0,0.0,0.0,0.0,0.0,0.0,0.0,0.0,0.0,0.0,0.0,0.0,0.0,0.0,0.0,0.0,0.0,0.0,0.0,0.0,0.0
R_UP50_40_Q2,DIS,1,0.0,0.0,0.0,0.0,0.0,0.0,0.0,0.0,0.0,0.0,0.0,0.0,0.0,0.0,0.0,0.0,0.0,0.0,0.0,0.0,0.0,0.0,0.0,0.0,0.0,0.0,0.0,0.0,0.0,0.0,0.0,0.0,0.0,0.0,0.0,0.0,0.0,0.0,0.0,0.0,0.0001446419546567,0.0001434265279714,0.0001421030414609,0.0001406745859116,0.0001391444858181,0.0002363956608321,0.0002336429562878,0.0002306609743522,0.0002274590555746,0.0002240471697409,0.0003765039157719,0.0003708563570353,0.0003652935116798,0.0003598141090046,0.0003544168973695,0.0005894863527968,0.0005806440575048,0.0005719343966422,0.0005633553806926,0.0005549050499822,0.0009121667952727,0.0008984842933436,0.0008850070289435,0.0008717319235093,0.0008586559446567,0.0013981910846345,0.0013772182183649,0.0013565599450895,0.0013362115459131,0.0013161683727244,0.0021308988465313,0.0020989353638333,0.0020674513333758,0.0020364395633752,0.0020058929699245,0.0032442874463654,0.0031956231346699,0.0031476887876499,0.0031004734558351,0.0030539663539976,0.0049571506099634,0.004882793350814,0.0048095514505517,0.0047374081787935,0.0046663470561116,0.0075898481484781,0.0074760004262509,0.0073638604198571,0.0072534025135593,0.0071446014758559,0.0,0.0,0.0,0.0,0.0,0.0,0.0,0.0,0.0,0.0,0.0,0.0,0.0,0.0,0.0,0.0,0.0,0.0,0.0,0.0,0.0,0.0,0.0,0.0,0.0,0.0,0.0,0.0,0.0,0.0,0.0
R_UP50_40_Q2,DIS,2,0.0,0.0,0.0,0.0,0.0,0.0,0.0,0.0,0.0,0.0,0.0,0.0,0.0,0.0,0.0,0.0,0.0,0.0,0.0,0.0,0.0,0.0,0.0,0.0,0.0,0.0,0.0,0.0,0.0,0.0,0.0,0.0,0.0,0.0,0.0,0.0,0.0,0.0,0.0,0.0,4.351449563222775e-05,4.374715813266708e-05,4.386980039516271e-05,4.388121032171164e-05,4.378101804100116e-05,6.81912652394845e-05,6.75869997867478e-05,6.684979088392207e-05,6.598383357412702e-05,6.499407607051512e-05,0.0001033170418662,0.0001017672862383,0.0001002407769447,9.87371652905576e-05,9.725610781119922e-05,0.0001590197735273,0.0001566344769244,0.0001542849597706,0.000151970685374,0.0001496911250934,0.0002516809296124,0.0002479057156683,0.0002441871299332,0.0002405243229842,0.0002369164581395,0.0004115955552007,0.0004054216218727,0.0003993402975446,0.0003933501930814,0.0003874499401852,0.0006927224959391,0.0006823316585,0.0006720966836225,0.0006620152333682,0.0006520850048677,0.0011936944078781,0.0011757889917599,0.0011581521568835,0.0011407798745302,0.0011236681764123,0.00209441290139,0.0020629967078691,0.0020320517572511,0.0020015709808923,0.0019715474161789,0.0037030882542402,0.0036475419304266,0.0035928288014702,0.0035389363694481,0.0034858523239064,0.0,0.0,0.0,0.0,0.0,0.0,0.0,0.0,0.0,0.0,0.0,0.0,0.0,0.0,0.0,0.0,0.0,0.0,0.0,0.0,0.0,0.0,0.0,0.0,0.0,0.0,0.0,0.0,0.0,0.0,0.0
R_UP50_40_Q3,DIS,1,0.0,0.0,0.0,0.0,0.0,0.0,0.0,0.0,0.0,0.0,0.0,0.0,0.0,0.0,0.0,0.0,0.0,0.0,0.0,0.0,0.0,0.0,0.0,0.0,0.0,0.0,0.0,0.0,0.0,0.0,0.0,0.0,0.0,0.0,0.0,0.0,0.0,0.0,0.0,0.0,7.361885915026391e-05,7.335549076785828e-05,7.29883263037425e-05,7.251878557191846e-05,7.194872183101661e-05,0.0001285881699254,0.0001272747077759,0.0001257716370319,0.0001240856897576,0.0001222244044113,0.0002064918323366,0.0002033944548515,0.0002003435380288,0.0001973383849583,0.000194378309184,0.0003162721068496,0.0003115280252469,0.0003068551048682,0.0003022522782952,0.0002977184941207,0.0004715309951395,0.0004644580302124,0.0004574911597592,0.0004506287923629,0.0004438693604774,0.0006917164151867,0.0006813406689589,0.0006711205589245,0.0006610537505406,0.0006511379442825,0.0010052530723929,0.000990174276307,0.0009753216621624,0.00096069183723,0.0009462814596715,0.0014533347660646,0.0014315347445736,0.001410061723405,0.0013889107975539,0.0013680771355906,0.0021005507074296,0.0020690424468182,0.0020380068101159,0.0020074367079642,0.0019773251573447,0.0030381236182792,0.002992551764005,0.0029476634875449,0.0029034485352317,0.0028598968072032,0.0,0.0,0.0,0.0,0.0,0.0,0.0,0.0,0.0,0.0,0.0,0.0,0.0,0.0,0.0,0.0,0.0,0.0,0.0,0.0,0.0,0.0,0.0,0.0,0.0,0.0,0.0,0.0,0.0,0.0,0.0
R_UP50_40_Q3,DIS,2,0.0,0.0,0.0,0.0,0.0,0.0,0.0,0.0,0.0,0.0,0.0,0.0,0.0,0.0,0.0,0.0,0.0,0.0,0.0,0.0,0.0,0.0,0.0,0.0,0.0,0.0,0.0,0.0,0.0,0.0,0.0,0.0,0.0,0.0,0.0,0.0,0.0,0.0,0.0,0.0,3.3307166768369755e-05,3.3003002887093345e-05,3.267740930470459e-05,3.2331059357916246e-05,3.196466590819039e-05,5.4027768639032966e-05,5.3334336580243136e-05,5.261131020233165e-05,5.1860113036636205e-05,5.1082211341086656e-05,8.392764878386905e-05,8.266873405211101e-05,8.142870304132934e-05,8.020727249570941e-05,7.900416340827377e-05,0.0001272298548066,0.0001253214069845,0.0001234415858797,0.0001215899620915,0.0001197661126602,0.0001909819959878,0.0001881172660479,0.0001852955070572,0.0001825160744514,0.0001797783333346,0.0002882972991453,0.0002839728396581,0.0002797132470632,0.0002755175483573,0.0002713847851319,0.0004406744544653,0.0004340643376483,0.0004275533725836,0.0004211400719948,0.0004148229709149,0.0006812182257932,0.0006709999524063,0.0006609349531202,0.0006510209288234,0.0006412556148911,0.0010640162372865,0.0010480559937272,0.0010323351538213,0.001016850126514,0.0010015973746163,0.0016701006073629,0.0016450490982525,0.0016203733617787,0.001596067761352,0.0015721267449317,0.0,0.0,0.0,0.0,0.0,0.0,0.0,0.0,0.0,0.0,0.0,0.0,0.0,0.0,0.0,0.0,0.0,0.0,0.0,0.0,0.0,0.0,0.0,0.0,0.0,0.0,0.0,0.0,0.0,0.0,0.0
R_UP50_50_LIV,DECR,1,0.0,0.0,0.0,0.0,0.0,0.0,0.0,0.0,0.0,0.0,0.0,0.0,0.0,0.0,0.0,0.0,0.0,0.0,0.0,0.0,0.0,0.0,0.0,0.0,0.0,0.0,0.0,0.0,0.0,0.0,0.0,0.0,0.0,0.0,0.0,0.0,0.0,0.0,0.0,0.0,0.0,0.0,0.0,0.0,0.0,0.0,0.0,0.0,0.0,0.0,0.0343860070182995,0.034365464167884996,0.0343414628703247,0.0343140056759752,0.034283111267078,0.0369079130628101,0.0368467032474607,0.0367799304434948,0.0367077207650005,0.0366302266238107,0.0408003805010434,0.040675028756236,0.0405511907479737,0.0404288474356045,0.0403079800274324,0.0469441534917079,0.0467474125656214,0.0465530485396633,0.0463610315024692,0.046171331933924295,0.0567107558501008,0.0564012152763369,0.0560954066035395,0.0557932829652706,0.0554947981069679,0.0722002806124156,0.0717130601840033,0.07123169022420969,0.0707560975543831,0.0702862099477686,0.0968474417219979,0.096079376423367,0.0953204856409435,0.0945706552216172,0.0938297724899278,0.1360344899540343,0.1348225183101388,0.1336249407838475,0.13244157931796702,0.1312722581476159,0.0,0.0,0.0,0.0,0.0,0.0,0.0,0.0,0.0,0.0,0.0,0.0,0.0,0.0,0.0,0.0,0.0,0.0,0.0,0.0,0.0,0.0,0.0,0.0,0.0,0.0,0.0,0.0,0.0,0.0,0.0
R_UP50_50_LIV,DECR,2,0.0,0.0,0.0,0.0,0.0,0.0,0.0,0.0,0.0,0.0,0.0,0.0,0.0,0.0,0.0,0.0,0.0,0.0,0.0,0.0,0.0,0.0,0.0,0.0,0.0,0.0,0.0,0.0,0.0,0.0,0.0,0.0,0.0,0.0,0.0,0.0,0.0,0.0,0.0,0.0,0.0,0.0,0.0,0.0,0.0,0.0,0.0,0.0,0.0,0.0,0.03252494584184027,0.03251400985480111,0.03250082483757782,0.03248541018740684,0.032467792900993254,0.0337940255344464,0.0337597863932754,0.0337223321083744,0.0336817526213707,0.0336381473636401,0.0356386120552685,0.0355718102211862,0.0355058326411479,0.0354406687290773,0.0353763080399123,0.0384582192451344,0.0383585284687999,0.0382600612289869,0.0381628018908989,0.0380667350270789,0.0429077467246485,0.0427568216970289,0.0426077336330908,0.0424604592474968,0.0423149755614975,0.0500478367634201,0.0498156322228924,0.0495862256203634,0.0493595818380643,0.0491356662164797,0.0616704418279991,0.061307141898553394,0.0609481739010695,0.060593484032237896,0.060243019184042096,0.0805958237283812,0.0800204419181292,0.0794518552795743,0.0788899802406954,0.0783347342994967,0.0,0.0,0.0,0.0,0.0,0.0,0.0,0.0,0.0,0.0,0.0,0.0,0.0,0.0,0.0,0.0,0.0,0.0,0.0,0.0,0.0,0.0,0.0,0.0,0.0,0.0,0.0,0.0,0.0,0.0,0.0
R_UP50_50_Q1,DIS,1,0.0,0.0,0.0,0.0,0.0,0.0,0.0,0.0,0.0,0.0,0.0,0.0,0.0,0.0,0.0,0.0,0.0,0.0,0.0,0.0,0.0,0.0,0.0,0.0,0.0,0.0,0.0,0.0,0.0,0.0,0.0,0.0,0.0,0.0,0.0,0.0,0.0,0.0,0.0,0.0,0.0,0.0,0.0,0.0,0.0,0.0,0.0,0.0,0.0,0.0,0.0006928910483982,0.000679015653287,0.0006658446555667,0.0006533474021608,0.0006414951235104,0.001131426337608,0.00111201851377,0.001093741812261,0.0010765505922746,0.0010604023333904,0.001860132573837,0.0018322305852294,0.001804747126451,0.0017776759195542,0.0017510107807609,0.0030289912987552,0.0029835564292739,0.0029388030828348,0.0028947210365922,0.0028513002210434,0.0048387714012098,0.0047661898301916,0.0046946969827388,0.0046242765279977,0.0045549123800777,0.007579460395748,0.0074657684898118,0.0073537819624646,0.0072434752330276,0.0071348231045322,0.0117089737572162,0.011533339150858,0.0113603390635951,0.0111899339776412,0.0110220849679766,0.0179633674355155,0.0176939169239828,0.017428508170123,0.0171670805475712,0.0169095743393576,0.0,0.0,0.0,0.0,0.0,0.0,0.0,0.0,0.0,0.0,0.0,0.0,0.0,0.0,0.0,0.0,0.0,0.0,0.0,0.0,0.0,0.0,0.0,0.0,0.0,0.0,0.0,0.0,0.0,0.0,0.0
R_UP50_50_Q1,DIS,2,0.0,0.0,0.0,0.0,0.0,0.0,0.0,0.0,0.0,0.0,0.0,0.0,0.0,0.0,0.0,0.0,0.0,0.0,0.0,0.0,0.0,0.0,0.0,0.0,0.0,0.0,0.0,0.0,0.0,0.0,0.0,0.0,0.0,0.0,0.0,0.0,0.0,0.0,0.0,0.0,0.0,0.0,0.0,0.0,0.0,0.0,0.0,0.0,0.0,0.0,0.0007229257462953,0.0007140861744726,0.0007051072126526,0.0006959967887776,0.0006867628705303,0.0010844998956903,0.001069739518377,0.0010546844980945,0.0010393527929213,0.0010237625010275,0.0015682569884166,0.0015447331335903,0.0015215621365865,0.0014987387045377,0.0014762576239696,0.0022076327103495,0.0021745182196942,0.0021419004463988,0.0021097719397028,0.0020781253606073,0.0030511954318001,0.0030054275003231,0.0029603460878183,0.002915940896501,0.0028722017830535,0.0041644200564654,0.0041019537556184,0.0040404244492841,0.0039798180825448,0.0039201208113067,0.0056453587160841,0.0055606783353429,0.0054772681603127,0.005395109137908,0.0053141825008394,0.0076348616193859,0.0075203386950951,0.0074075336146687,0.0072964206104486,0.0071869743012919,0.0,0.0,0.0,0.0,0.0,0.0,0.0,0.0,0.0,0.0,0.0,0.0,0.0,0.0,0.0,0.0,0.0,0.0,0.0,0.0,0.0,0.0,0.0,0.0,0.0,0.0,0.0,0.0,0.0,0.0,0.0
R_UP50_50_Q2,DIS,1,0.0,0.0,0.0,0.0,0.0,0.0,0.0,0.0,0.0,0.0,0.0,0.0,0.0,0.0,0.0,0.0,0.0,0.0,0.0,0.0,0.0,0.0,0.0,0.0,0.0,0.0,0.0,0.0,0.0,0.0,0.0,0.0,0.0,0.0,0.0,0.0,0.0,0.0,0.0,0.0,0.0,0.0,0.0,0.0,0.0,0.0,0.0,0.0,0.0,0.0,0.0004160486725759,0.0004144952177989,0.0004123638416289,0.0004096627050377,0.0004064023456572,0.0006785932442483,0.0006718857444116,0.0006640988489568,0.0006552697834129,0.0006454407366617,0.001060991620671,0.0010450767463609,0.0010294005951655,0.001013959586238,0.0009987501924445,0.0016263133371902,0.0016019186371323,0.0015778898575754,0.0015542215097117,0.0015309081870661,0.0024785662363332,0.0024413877427882,0.0024047669266463,0.0023686954227466,0.0023331649914054,0.0037736100606608,0.0037170059097508,0.0036612508211046,0.003606332058788,0.0035522370779062,0.0057659358867616,0.0056794468484602,0.0055942551457333,0.0055103413185473,0.0054276861987691,0.0088281719192518,0.008695749340463,0.0085653131003561,0.0084368334038507,0.0083102809027929,0.0,0.0,0.0,0.0,0.0,0.0,0.0,0.0,0.0,0.0,0.0,0.0,0.0,0.0,0.0,0.0,0.0,0.0,0.0,0.0,0.0,0.0,0.0,0.0,0.0,0.0,0.0,0.0,0.0,0.0,0.0
R_UP50_50_Q2,DIS,2,0.0,0.0,0.0,0.0,0.0,0.0,0.0,0.0,0.0,0.0,0.0,0.0,0.0,0.0,0.0,0.0,0.0,0.0,0.0,0.0,0.0,0.0,0.0,0.0,0.0,0.0,0.0,0.0,0.0,0.0,0.0,0.0,0.0,0.0,0.0,0.0,0.0,0.0,0.0,0.0,0.0,0.0,0.0,0.0,0.0,0.0,0.0,0.0,0.0,0.0,0.0001127043101258,0.0001126048431974,0.0001123067523653,0.0001118112649954,0.0001111206523964,0.0001832267765097,0.0001813318280945,0.000179174935166,0.0001767655045164,0.0001741140219486,0.0002927440011908,0.0002883528411729,0.0002840275485553,0.000279767135327,0.0002755706282971,0.0004787495416809,0.0004715682985557,0.0004644947740774,0.0004575273524662,0.0004506644421792,0.0008057438260751,0.000793657668684,0.0007817528036537,0.0007700265115989,0.0007584761139249,0.0013884519486612,0.0013676251694313,0.0013471107918898,0.0013269041300115,0.0013070005680613,0.0024361274167359,0.0023995855054849,0.0023635917229026,0.002328137847059,0.0022932157793532,0.0043072666410526,0.0042426576414368,0.0041790177768153,0.004116332510163,0.0040545875225106,0.0,0.0,0.0,0.0,0.0,0.0,0.0,0.0,0.0,0.0,0.0,0.0,0.0,0.0,0.0,0.0,0.0,0.0,0.0,0.0,0.0,0.0,0.0,0.0,0.0,0.0,0.0,0.0,0.0,0.0,0.0
R_UP50_50_Q3,DIS,1,0.0,0.0,0.0,0.0,0.0,0.0,0.0,0.0,0.0,0.0,0.0,0.0,0.0,0.0,0.0,0.0,0.0,0.0,0.0,0.0,0.0,0.0,0.0,0.0,0.0,0.0,0.0,0.0,0.0,0.0,0.0,0.0,0.0,0.0,0.0,0.0,0.0,0.0,0.0,0.0,0.0,0.0,0.0,0.0,0.0,0.0,0.0,0.0,0.0,0.0,0.0002265487321456,0.0002260617004448,0.0002252125981562,0.0002240049314409,0.0002224439267833,0.0003644207571468,0.0003606500570289,0.0003563590172205,0.0003515663322343,0.0003462928372507,0.0005484637648755,0.0005402368084024,0.0005321332562763,0.0005241512574322,0.0005162889885707,0.0008045735979397,0.0007925049939706,0.000780617419061,0.0007689081577751,0.0007573745354085,0.0011692654150426,0.001151726433817,0.0011344505373097,0.0011174337792501,0.0011006722725613,0.0016904540011932,0.0016650971911753,0.0016401207333077,0.0016155189223081,0.0015912861384734,0.0024432666382151,0.0024066176386418,0.0023705183740622,0.0023349605984513,0.0022999361894745,0.0035338095162663,0.0034808023735223,0.0034285903379194,0.0033771614828506,0.0033265040606079,0.0,0.0,0.0,0.0,0.0,0.0,0.0,0.0,0.0,0.0,0.0,0.0,0.0,0.0,0.0,0.0,0.0,0.0,0.0,0.0,0.0,0.0,0.0,0.0,0.0,0.0,0.0,0.0,0.0,0.0,0.0
R_UP50_50_Q3,DIS,2,0.0,0.0,0.0,0.0,0.0,0.0,0.0,0.0,0.0,0.0,0.0,0.0,0.0,0.0,0.0,0.0,0.0,0.0,0.0,0.0,0.0,0.0,0.0,0.0,0.0,0.0,0.0,0.0,0.0,0.0,0.0,0.0,0.0,0.0,0.0,0.0,0.0,0.0,0.0,0.0,0.0,0.0,0.0,0.0,0.0,0.0,0.0,0.0,0.0,0.0,9.494987191636858e-05,9.410346741351008e-05,9.319302138211644e-05,9.222048989523948e-05,9.118795327835317e-05,0.0001472703584509,0.0001454142543754,0.0001434653758413,0.0001414280059364,0.0001393065858474,0.0002221417162872,0.0002188095905428,0.0002155274466847,0.0002122945349844,0.0002091101169597,0.0003353345246072,0.0003303045067381,0.000325349939137,0.0003204696900499,0.0003156626446992,0.0005125728167858,0.0005048842245341,0.000497310961166,0.0004898512967486,0.0004825035272973,0.0007923625735564,0.000780477134953,0.0007687699779287,0.0007572384282598,0.0007458798518359,0.0012376161003332,0.0012190518588282,0.0012007660809458,0.0011827545897316,0.0011650132708856,0.0019425863331934,0.0019134475381955,0.0018847458251225,0.0018564746377457,0.0018286275181795,0.0,0.0,0.0,0.0,0.0,0.0,0.0,0.0,0.0,0.0,0.0,0.0,0.0,0.0,0.0,0.0,0.0,0.0,0.0,0.0,0.0,0.0,0.0,0.0,0.0,0.0,0.0,0.0,0.0,0.0,0.0
R_UP50_60_LIV,DECR,1,0.0,0.0,0.0,0.0,0.0,0.0,0.0,0.0,0.0,0.0,0.0,0.0,0.0,0.0,0.0,0.0,0.0,0.0,0.0,0.0,0.0,0.0,0.0,0.0,0.0,0.0,0.0,0.0,0.0,0.0,0.0,0.0,0.0,0.0,0.0,0.0,0.0,0.0,0.0,0.0,0.0,0.0,0.0,0.0,0.0,0.0,0.0,0.0,0.0,0.0,0.0,0.0,0.0,0.0,0.0,0.0,0.0,0.0,0.0,0.0,0.0417297529539644,0.0416808025824515,0.041621761021861,0.0415525571854685,0.0414731793116163,0.0489274162139591,0.0487665056627489,0.0485874043684411,0.0483904904108086,0.0481762396538167,0.060022181393176596,0.0596726033936578,0.0593272615169181,0.0589861022965877,0.0586490729675381,0.0774110671655742,0.0768610982724548,0.0763177669415885,0.0757809897292529,0.0752506842821845,0.10505890439632451,0.1041924756931894,0.1033364488719733,0.1024906938499334,0.1016550822361139,0.1489867578845177,0.1476205248579668,0.1462705996433972,0.1449367794804629,0.1436188642316556,0.0,0.0,0.0,0.0,0.0,0.0,0.0,0.0,0.0,0.0,0.0,0.0,0.0,0.0,0.0,0.0,0.0,0.0,0.0,0.0,0.0,0.0,0.0,0.0,0.0,0.0,0.0,0.0,0.0,0.0,0.0
R_UP50_60_LIV,DECR,2,0.0,0.0,0.0,0.0,0.0,0.0,0.0,0.0,0.0,0.0,0.0,0.0,0.0,0.0,0.0,0.0,0.0,0.0,0.0,0.0,0.0,0.0,0.0,0.0,0.0,0.0,0.0,0.0,0.0,0.0,0.0,0.0,0.0,0.0,0.0,0.0,0.0,0.0,0.0,0.0,0.0,0.0,0.0,0.0,0.0,0.0,0.0,0.0,0.0,0.0,0.0,0.0,0.0,0.0,0.0,0.0,0.0,0.0,0.0,0.0,0.0361278509567849,0.0361037252203179,0.0360737120022889,0.0360378728585617,0.0359962880612134,0.0394628286725532,0.0393818790407188,0.039291407529725195,0.0391916719153864,0.0390829605775924,0.0445233806425907,0.044352734731045104,0.044184176460191696,0.0440176792359,0.0438532168157465,0.052531835153505596,0.0522696143365769,0.052010569264798204,0.0517546598776636,0.0515018466398176,0.065554050549795,0.0651443122296386,0.0647394842599036,0.06433950534257771,0.0639443149755458,0.0867425566522341,0.08609438069052311,0.0854538977443569,0.08482101271474149,0.0841956317262047,0.0,0.0,0.0,0.0,0.0,0.0,0.0,0.0,0.0,0.0,0.0,0.0,0.0,0.0,0.0,0.0,0.0,0.0,0.0,0.0,0.0,0.0,0.0,0.0,0.0,0.0,0.0,0.0,0.0,0.0,0.0
R_UP50_60_Q1,DIS,1,0.0,0.0,0.0,0.0,0.0,0.0,0.0,0.0,0.0,0.0,0.0,0.0,0.0,0.0,0.0,0.0,0.0,0.0,0.0,0.0,0.0,0.0,0.0,0.0,0.0,0.0,0.0,0.0,0.0,0.0,0.0,0.0,0.0,0.0,0.0,0.0,0.0,0.0,0.0,0.0,0.0,0.0,0.0,0.0,0.0,0.0,0.0,0.0,0.0,0.0,0.0,0.0,0.0,0.0,0.0,0.0,0.0,0.0,0.0,0.0,0.002221564435526,0.0021754166131585,0.0021317971491908,0.0020905905726908,0.0020516890346658,0.0035366601995986,0.0034769671103939,0.0034204585637381,0.0033670100467604,0.0033165048960589,0.0056282424855107,0.005543818848228,0.0054606615655046,0.005378751642022,0.0052980703673917,0.0088160893498562,0.0086838480096084,0.0085535902894643,0.0084252864351223,0.0082989071385955,0.0136193546042736,0.0134150642852095,0.0132138383209314,0.0130156307461174,0.0128203962849256,0.0208941856104485,0.0205807728262918,0.0202720612338974,0.0199679803153889,0.0196684606106581,0.0,0.0,0.0,0.0,0.0,0.0,0.0,0.0,0.0,0.0,0.0,0.0,0.0,0.0,0.0,0.0,0.0,0.0,0.0,0.0,0.0,0.0,0.0,0.0,0.0,0.0,0.0,0.0,0.0,0.0,0.0
R_UP50_60_Q1,DIS,2,0.0,0.0,0.0,0.0,0.0,0.0,0.0,0.0,0.0,0.0,0.0,0.0,0.0,0.0,0.0,0.0,0.0,0.0,0.0,0.0,0.0,0.0,0.0,0.0,0.0,0.0,0.0,0.0,0.0,0.0,0.0,0.0,0.0,0.0,0.0,0.0,0.0,0.0,0.0,0.0,0.0,0.0,0.0,0.0,0.0,0.0,0.0,0.0,0.0,0.0,0.0,0.0,0.0,0.0,0.0,0.0,0.0,0.0,0.0,0.0,0.0017850472919523,0.0017667477084468,0.0017475870708695,0.0017275969520113,0.0017068100780088,0.0025564628153577,0.0025237015319974,0.0024895220611425,0.0024539923631864,0.0024171824777386,0.0035490140651323,0.0034957788541553,0.003443342171343,0.0033916920387729,0.0033408166581913,0.004843867160877,0.0047712091534639,0.0046996410161619,0.0046291464009195,0.0045597092049057,0.0065664287765007,0.0064679323448532,0.0063709133596804,0.0062753496592852,0.0061812194143959,0.008880529575437,0.0087473216318055,0.0086161118073284,0.0084868701302185,0.0083595670782652,0.0,0.0,0.0,0.0,0.0,0.0,0.0,0.0,0.0,0.0,0.0,0.0,0.0,0.0,0.0,0.0,0.0,0.0,0.0,0.0,0.0,0.0,0.0,0.0,0.0,0.0,0.0,0.0,0.0,0.0,0.0
R_UP50_60_Q2,DIS,1,0.0,0.0,0.0,0.0,0.0,0.0,0.0,0.0,0.0,0.0,0.0,0.0,0.0,0.0,0.0,0.0,0.0,0.0,0.0,0.0,0.0,0.0,0.0,0.0,0.0,0.0,0.0,0.0,0.0,0.0,0.0,0.0,0.0,0.0,0.0,0.0,0.0,0.0,0.0,0.0,0.0,0.0,0.0,0.0,0.0,0.0,0.0,0.0,0.0,0.0,0.0,0.0,0.0,0.0,0.0,0.0,0.0,0.0,0.0,0.0,0.001149160089918,0.0011499605972534,0.0011485053529828,0.0011447984963423,0.0011388574229505,0.0018670785527222,0.0018511278930485,0.0018313293259736,0.0018078009493623,0.0017806839351218,0.0028829573951344,0.0028397130342074,0.0027971173386943,0.0027551605786139,0.0027138331699346,0.0043892944522759,0.0043234550354918,0.0042586032099594,0.00419472416181,0.0041318032993828,0.0067066787487602,0.0066060785675288,0.0065069873890159,0.0064093825781806,0.0063132418395079,0.0102685347468373,0.0101145067256347,0.0099627891247502,0.0098133472878789,0.0096661470785607,0.0,0.0,0.0,0.0,0.0,0.0,0.0,0.0,0.0,0.0,0.0,0.0,0.0,0.0,0.0,0.0,0.0,0.0,0.0,0.0,0.0,0.0,0.0,0.0,0.0,0.0,0.0,0.0,0.0,0.0,0.0
R_UP50_60_Q2,DIS,2,0.0,0.0,0.0,0.0,0.0,0.0,0.0,0.0,0.0,0.0,0.0,0.0,0.0,0.0,0.0,0.0,0.0,0.0,0.0,0.0,0.0,0.0,0.0,0.0,0.0,0.0,0.0,0.0,0.0,0.0,0.0,0.0,0.0,0.0,0.0,0.0,0.0,0.0,0.0,0.0,0.0,0.0,0.0,0.0,0.0,0.0,0.0,0.0,0.0,0.0,0.0,0.0,0.0,0.0,0.0,0.0,0.0,0.0,0.0,0.0,0.0003243282250776,0.0003229323683147,0.0003211107520577,0.000318870079782,0.0003162187069712,0.0005529963196879,0.0005466002169584,0.0005396524667392,0.0005321753540144,0.0005241927237042,0.0009372051825428,0.0009231471048047,0.0009092998982326,0.0008956603997591,0.0008822254937627,0.0016149852097975,0.0015907604316506,0.0015668990251758,0.0015433955397982,0.0015202446067012,0.0028335944582053,0.0027910905413322,0.0027492241832122,0.0027079858204641,0.0026673660331571,0.005010019919423,0.0049348696206316,0.0048608465763221,0.0047879338776773,0.0047161148695121,0.0,0.0,0.0,0.0,0.0,0.0,0.0,0.0,0.0,0.0,0.0,0.0,0.0,0.0,0.0,0.0,0.0,0.0,0.0,0.0,0.0,0.0,0.0,0.0,0.0,0.0,0.0,0.0,0.0,0.0,0.0
R_UP50_60_Q3,DIS,1,0.0,0.0,0.0,0.0,0.0,0.0,0.0,0.0,0.0,0.0,0.0,0.0,0.0,0.0,0.0,0.0,0.0,0.0,0.0,0.0,0.0,0.0,0.0,0.0,0.0,0.0,0.0,0.0,0.0,0.0,0.0,0.0,0.0,0.0,0.0,0.0,0.0,0.0,0.0,0.0,0.0,0.0,0.0,0.0,0.0,0.0,0.0,0.0,0.0,0.0,0.0,0.0,0.0,0.0,0.0,0.0,0.0,0.0,0.0,0.0,0.0006059429921394,0.0006037084648711,0.0006006285103446,0.0005967149565832,0.0005919831242186,0.0009290851216666,0.0009184702335119,0.0009068821409964,0.0008943595806083,0.0008809441868992,0.0013600372367531,0.0013396366782018,0.0013195421280288,0.0012997489961083,0.0012802527611667,0.0019662604906151,0.0019367665832559,0.0019077150845071,0.0018790993582395,0.0018509128678659,0.0028418984813366,0.0027992700041165,0.0027572809540548,0.0027159217397439,0.0026751829136478,0.0041103691838344,0.0040487136460768,0.0039879829413857,0.0039281631972649,0.0038692407493059,0.0,0.0,0.0,0.0,0.0,0.0,0.0,0.0,0.0,0.0,0.0,0.0,0.0,0.0,0.0,0.0,0.0,0.0,0.0,0.0,0.0,0.0,0.0,0.0,0.0,0.0,0.0,0.0,0.0,0.0,0.0
R_UP50_60_Q3,DIS,2,0.0,0.0,0.0,0.0,0.0,0.0,0.0,0.0,0.0,0.0,0.0,0.0,0.0,0.0,0.0,0.0,0.0,0.0,0.0,0.0,0.0,0.0,0.0,0.0,0.0,0.0,0.0,0.0,0.0,0.0,0.0,0.0,0.0,0.0,0.0,0.0,0.0,0.0,0.0,0.0,0.0,0.0,0.0,0.0,0.0,0.0,0.0,0.0,0.0,0.0,0.0,0.0,0.0,0.0,0.0,0.0,0.0,0.0,0.0,0.0,0.0002513818808524,0.0002491264332917,0.0002467035113921,0.0002441182689905,0.0002413761805963,0.000388514203342,0.0003834400528905,0.0003781842659441,0.000372756010835,0.0003671646706725,0.0005962017762672,0.0005872587496232,0.0005784498683788,0.0005697731203531,0.0005612265235478,0.0009216407080739,0.0009078160974528,0.000894198855991,0.0008807858731511,0.0008675740850538,0.0014395396969789,0.0014179466015242,0.0013966774025013,0.0013757272414638,0.0013550913328418,0.0022595295428748,0.0022256365997317,0.0021922520507357,0.0021593682699747,0.0021269777459251,0.0,0.0,0.0,0.0,0.0,0.0,0.0,0.0,0.0,0.0,0.0,0.0,0.0,0.0,0.0,0.0,0.0,0.0,0.0,0.0,0.0,0.0,0.0,0.0,0.0,0.0,0.0,0.0,0.0,0.0,0.0
